appl_id,field_id,prod_cd,appl_dt,rate,applied_by,method
701242,110681,AGT-1176,2024-01-01,16.2,C2563,ground
700966,110073,AGT-1024,2024-01-06,29.43,C2526,ground
702988,110480,AGT-1121,2024-01-06,18.19,C2529,ground
704180,111433,AGT-1121,2024-01-06,26.07,C2534,ground
700520,110366,AGT-1129,2024-01-07,19.51,C2538,fertigation
700734,111191,AGT-1182,2024-01-07,36.4,C2501,aerial
701003,110133,AGT-1049,2024-01-07,8.52,C2494,aerial
700199,110537,AGT-1017,2024-01-08,39.35,C2489,ground
701628,110365,AGT-1154,2024-01-08,38.14,C2514,ground
701431,111510,AGT-1121,2024-01-10,23.04,C2410,ground
703082,111204,AGT-1182,2024-01-18,21.49,C2567,fertigation
704209,111288,AGT-1105,2024-01-20,8.02,C2526,aerial
703761,110487,AGT-1145,2024-01-24,26.19,C2430,ground
700401,110381,AGT-1017,2024-01-26,4.62,C2494,fertigation
702176,111529,AGT-1085,2024-01-26,27.04,C2468,fertigation
701542,111491,AGT-1043,2024-01-28,8.17,C2519,fertigation
704485,111213,AGT-1033,2024-01-31,36.52,C2482,ground
701866,111593,AGT-1164,2024-02-01,27.81,C2415,ground
702976,111124,AGT-1133,2024-02-01,2.53,C2412,aerial
702831,110067,AGT-1010,2024-02-03,28.06,C2569,ground
702847,111033,AGT-1102,2024-02-03,22.4,C2444,ground
702858,110163,AGT-1145,2024-02-03,14.16,C2529,fertigation
701802,110018,AGT-1145,2024-02-06,11.88,C2492,aerial
704287,111559,AGT-1033,2024-02-10,30.08,C2486,ground
702864,110841,AGT-1024,2024-02-11,20.77,C2569,ground
704473,110732,AGT-1079,2024-02-11,34.17,C2458,ground
703473,111737,AGT-1058,2024-02-12,18.92,C2470,aerial
700321,111042,AGT-1168,2024-02-13,20.09,C2567,ground
702706,110343,AGT-1004,2024-02-15,2.17,C2482,fertigation
702379,110632,AGT-1004,2024-02-16,24.61,C2546,ground
701573,111559,AGT-1071,2024-02-18,5.09,C2470,ground
703784,110334,AGT-1151,2024-02-20,12.54,C2444,aerial
700532,111568,AGT-1182,2024-02-21,39.14,C2509,ground
703365,111733,AGT-1010,2024-02-22,6.0,C2524,ground
703883,110746,AGT-1091,2024-02-24,20.05,C2407,aerial
704388,110462,AGT-1017,2024-02-25,33.65,C2444,ground
704033,110487,AGT-1071,2024-02-26,20.13,C2427,fertigation
700718,111147,AGT-1102,2024-02-29,39.82,C2501,ground
701668,110804,AGT-1085,2024-02-29,33.01,C2573,aerial
703177,111464,AGT-1112,2024-02-29,21.58,C2506,fertigation
701688,110765,AGT-1063,2024-03-02,17.85,C2526,ground
703014,110222,AGT-1058,2024-03-02,19.03,C2529,aerial
701595,110398,AGT-1105,2024-03-05,4.71,C2446,ground
702433,110142,AGT-1151,2024-03-09,39.17,C2524,fertigation
703604,110887,AGT-1091,2024-03-09,32.52,C2567,fertigation
700111,111469,AGT-1151,2024-03-10,37.61,C2449,ground
700192,110931,AGT-1105,2024-03-10,8.45,C2492,ground
700260,110229,AGT-1133,2024-03-10,39.03,C2567,aerial
703752,110157,AGT-1133,2024-03-12,12.27,C2486,ground
701034,110571,AGT-1102,2024-03-13,3.67,C2463,ground
703500,110844,AGT-1043,2024-03-15,2.71,C2401,ground
702270,111256,AGT-1154,2024-03-19,36.31,C2554,ground
702352,110948,AGT-1164,2024-03-20,7.38,C2415,ground
701515,110148,AGT-1071,2024-03-21,33.62,C2558,aerial
701874,110256,AGT-1010,2024-03-21,29.44,C2482,ground
704470,111015,AGT-1112,2024-03-24,38.19,C2546,ground
700203,111273,AGT-1010,2024-03-27,11.66,C2482,fertigation
701088,110327,AGT-1168,2024-03-27,36.45,C2401,ground
702661,110693,AGT-1079,2024-03-27,22.26,C2463,ground
702227,110749,AGT-1133,2024-03-28,0.45,C2529,ground
702924,111165,AGT-1145,2024-03-29,4.25,C2526,aerial
701839,111404,AGT-1168,2024-03-30,8.12,C2534,ground
702317,110531,AGT-1182,2024-03-30,7.98,C2526,ground
704319,110890,AGT-1154,2024-03-30,9.91,C2412,ground
700707,110429,AGT-1164,2024-03-31,20.61,C2524,aerial
701928,110934,AGT-1063,2024-04-01,39.14,C2415,ground
702097,110616,AGT-1033,2024-04-01,36.53,C2482,fertigation
703046,110393,AGT-1121,2024-04-01,27.86,C2470,fertigation
701369,111496,AGT-1129,2024-04-02,23.26,C2449,ground
704421,111329,AGT-1071,2024-04-04,12.95,C2522,aerial
702476,111258,AGT-1091,2024-04-06,9.3,C2435,ground
700248,110165,AGT-1017,2024-04-07,26.2,C2502,aerial
701273,110455,AGT-1085,2024-04-09,21.02,C2524,ground
701095,110843,AGT-1079,2024-04-13,37.17,C2435,fertigation
701145,111530,AGT-1189,2024-04-14,33.3,C2512,ground
702062,110185,AGT-1085,2024-04-14,3.78,C2501,fertigation
702542,110604,AGT-1058,2024-04-16,36.6,C2569,fertigation
703755,111427,AGT-1079,2024-04-16,16.32,C2534,ground
700847,111685,AGT-1017,2024-04-17,15.42,C2486,ground
702522,111178,AGT-1079,2024-04-18,25.18,C2559,ground
702561,110526,AGT-1049,2024-04-21,17.44,C2478,fertigation
703880,111541,AGT-1079,2024-04-22,1.88,C2424,ground
704328,110406,AGT-1063,2024-04-24,32.08,C2489,ground
702342,110854,AGT-1121,2024-04-29,36.43,C2463,ground
703016,110088,AGT-1004,2024-04-29,16.55,C2456,aerial
702529,110210,AGT-1039,2024-05-01,14.32,C2558,fertigation
702293,110947,AGT-1043,2024-05-04,18.68,C2463,fertigation
702464,110907,AGT-1112,2024-05-04,28.48,C2509,ground
703218,110029,AGT-1112,2024-05-04,32.42,C2470,ground
701758,111716,AGT-1154,2024-05-06,13.03,C2559,fertigation
704006,111083,AGT-1189,2024-05-06,22.5,C2446,ground
700369,110684,AGT-1004,2024-05-07,25.15,C2463,aerial
703508,110199,AGT-1017,2024-05-07,25.07,C2542,ground
700225,110447,AGT-1154,2024-05-09,37.93,C2558,ground
701249,111292,AGT-1071,2024-05-09,30.09,C2489,ground
704036,110661,AGT-1133,2024-05-09,25.89,C2437,fertigation
704443,110399,AGT-1176,2024-05-09,14.35,C2458,fertigation
703210,111704,AGT-1024,2024-05-11,1.85,C2415,ground
700426,111625,AGT-1049,2024-05-14,8.01,C2401,ground
702313,110921,AGT-1182,2024-05-14,2.31,C2435,ground
702408,110926,AGT-1039,2024-05-14,15.7,C2444,aerial
702796,110031,AGT-1033,2024-05-15,2.89,C2452,ground
702288,110488,AGT-1121,2024-05-16,5.18,C2415,ground
702218,110186,AGT-1182,2024-05-17,20.27,C2489,fertigation
702335,111205,AGT-1058,2024-05-18,37.84,C2472,ground
702090,110088,AGT-1071,2024-05-19,30.03,C2486,fertigation
701168,111552,AGT-1071,2024-05-23,20.9,C2412,ground
703025,111145,AGT-1133,2024-05-23,27.63,C2472,fertigation
702839,110276,AGT-1176,2024-05-24,9.65,C2509,ground
701042,110813,AGT-1168,2024-05-25,27.25,C2463,ground
701643,110762,AGT-1182,2024-05-26,5.24,C2526,ground
702551,111661,AGT-1085,2024-05-27,6.69,C2462,ground
700670,110294,AGT-1168,2024-06-01,18.44,C2567,ground
701910,110214,AGT-1085,2024-06-01,30.57,C2415,ground
703296,110892,AGT-1017,2024-06-01,38.96,C2529,ground
703428,110849,AGT-1154,2024-06-01,1.1,C2401,ground
700069,110281,AGT-1017,2024-06-03,21.33,C2415,ground
700352,111041,AGT-1024,2024-06-03,13.37,C2412,ground
701777,111391,AGT-1129,2024-06-04,22.36,C2519,aerial
702017,110764,AGT-1079,2024-06-04,8.84,C2435,ground
702215,111726,AGT-1154,2024-06-04,9.8,C2437,aerial
703162,110748,AGT-1058,2024-06-04,6.29,C2524,ground
703858,110912,AGT-1154,2024-06-06,14.26,C2559,ground
704285,111675,AGT-1154,2024-06-07,10.67,C2486,fertigation
703304,110214,AGT-1151,2024-06-08,10.92,C2501,aerial
700816,110855,AGT-1043,2024-06-10,39.18,C2548,ground
703974,111540,AGT-1102,2024-06-10,33.71,C2430,ground
704462,110854,AGT-1017,2024-06-10,20.97,C2529,ground
701350,110905,AGT-1129,2024-06-14,5.23,C2559,fertigation
701899,111276,AGT-1033,2024-06-15,18.63,C2526,fertigation
701107,110996,AGT-1121,2024-06-16,26.82,C2444,fertigation
700987,111162,AGT-1145,2024-06-19,6.99,C2421,ground
703510,111706,AGT-1105,2024-06-21,2.65,C2420,fertigation
704200,111299,AGT-1063,2024-06-23,15.69,C2449,ground
704479,110217,AGT-1176,2024-06-23,16.95,C2446,ground
704206,111590,AGT-1085,2024-06-25,30.52,C2536,ground
700713,111069,AGT-1033,2024-06-26,16.35,C2538,fertigation
703335,110722,AGT-1010,2024-06-26,4.77,C2478,fertigation
702151,111318,AGT-1168,2024-06-28,9.43,C2449,ground
702326,110673,AGT-1063,2024-06-28,37.11,C2542,ground
700757,111492,AGT-1121,2024-06-29,31.93,C2519,ground
703738,111640,AGT-1079,2024-06-30,36.9,C2452,ground
703260,111329,AGT-1145,2024-07-01,1.69,C2449,ground
701245,110318,AGT-1017,2024-07-04,8.23,C2427,ground
700577,111132,AGT-1168,2024-07-05,2.02,C2463,fertigation
703962,111448,AGT-1121,2024-07-05,28.11,C2506,ground
702959,111046,AGT-1043,2024-07-07,24.55,C2415,ground
704017,110010,AGT-1063,2024-07-07,6.1,C2415,ground
701202,110193,AGT-1004,2024-07-09,9.59,C2435,ground
702186,111213,AGT-1154,2024-07-10,20.34,C2569,ground
701828,110944,AGT-1043,2024-07-12,23.09,C2463,aerial
700600,111348,AGT-1063,2024-07-13,14.89,C2506,ground
701604,110043,AGT-1071,2024-07-13,4.9,C2509,ground
703978,111236,AGT-1085,2024-07-14,38.73,C2546,ground
700474,110844,AGT-1039,2024-07-18,8.08,C2452,ground
700683,111110,AGT-1010,2024-07-18,1.51,C2554,ground
700802,110793,AGT-1112,2024-07-18,0.44,C2526,ground
700727,111448,AGT-1121,2024-07-19,15.01,C2519,ground
700937,110814,AGT-1024,2024-07-19,37.68,C2462,fertigation
701433,111709,AGT-1058,2024-07-20,19.28,C2415,ground
701442,111133,AGT-1058,2024-07-22,3.89,C2472,ground
701385,110817,AGT-1129,2024-07-24,15.14,C2501,ground
703196,111700,AGT-1024,2024-07-24,14.16,C2424,aerial
700072,110420,AGT-1133,2024-07-25,9.61,C2542,ground
702813,110743,AGT-1102,2024-07-25,26.54,C2477,fertigation
703750,110167,AGT-1043,2024-07-25,15.41,C2494,fertigation
700797,111738,AGT-1039,2024-07-26,25.06,C2470,ground
703999,110303,AGT-1151,2024-07-27,4.11,C2509,ground
702746,110029,AGT-1121,2024-07-28,12.84,C2452,ground
701710,111571,AGT-1063,2024-08-02,7.64,C2420,fertigation
702659,111181,AGT-1085,2024-08-02,28.1,C2424,ground
700141,110454,AGT-1071,2024-08-03,27.68,C2427,ground
704065,110269,AGT-1071,2024-08-03,12.52,C2444,fertigation
701408,110075,AGT-1102,2024-08-04,4.99,C2430,aerial
700335,110824,AGT-1085,2024-08-08,32.72,C2435,ground
700133,110830,AGT-1105,2024-08-10,0.88,C2477,fertigation
703160,110794,AGT-1058,2024-08-10,39.59,C2486,ground
702073,110856,AGT-1085,2024-08-11,33.74,C2424,ground
701100,110823,AGT-1017,2024-08-13,31.21,C2486,aerial
702105,111596,AGT-1010,2024-08-13,4.28,C2421,aerial
701011,111144,AGT-1105,2024-08-14,5.6,C2440,ground
702297,111379,AGT-1049,2024-08-15,35.55,C2449,ground
700482,111040,AGT-1039,2024-08-16,16.49,C2477,aerial
700832,110412,AGT-1102,2024-08-19,15.63,C2456,ground
701918,110505,AGT-1168,2024-08-19,31.72,C2407,fertigation
700435,110832,AGT-1112,2024-08-22,10.47,C2489,ground
702825,111077,AGT-1182,2024-08-23,38.4,C2424,aerial
700360,111641,AGT-1079,2024-08-24,37.69,C2514,ground
701025,111413,AGT-1182,2024-08-25,33.65,C2449,ground
703044,110397,AGT-1189,2024-08-26,2.12,C2478,aerial
702501,111315,AGT-1151,2024-08-27,28.63,C2519,aerial
703595,110207,AGT-1004,2024-08-27,17.14,C2567,aerial
704024,110422,AGT-1039,2024-08-28,30.06,C2573,ground
702540,111546,AGT-1154,2024-08-30,38.34,C2542,fertigation
703539,111177,AGT-1079,2024-08-30,29.13,C2558,ground
701935,118207,AGT-1024,2024-08-31,33.06,C2452,ground
704041,110539,AGT-1004,2024-08-31,28.72,C2550,fertigation
704237,110242,AGT-1112,2024-09-01,31.55,C2567,fertigation
701897,110448,AGT-1154,2024-09-03,28.48,C2512,aerial
702701,110151,AGT-1004,2024-09-03,20.89,C2463,fertigation
703952,111078,AGT-1024,2024-09-03,0.74,C2405,ground
703702,111672,AGT-1154,2024-09-04,2.17,C2501,ground
704011,110525,AGT-1043,2024-09-04,28.92,C2550,ground
704402,110114,AGT-1105,2024-09-05,3.38,C2526,ground
700014,110766,AGT-1133,2024-09-06,19.3,C2444,ground
701837,110578,AGT-1085,2024-09-07,11.34,C2489,aerial
703380,110265,AGT-1043,2024-09-07,17.13,C2492,fertigation
700096,110186,AGT-1121,2024-09-12,16.89,C2509,ground
703986,111199,AGT-1164,2024-09-12,14.37,C2526,ground
704146,110192,AGT-1154,2024-09-12,32.31,C2435,ground
700573,110866,AGT-1112,2024-09-13,33.26,C2405,ground
704218,110371,AGT-1182,2024-09-13,30.31,C2536,fertigation
701962,110989,AGT-1151,2024-09-14,38.31,C2401,aerial
702376,111542,AGT-1085,2024-09-15,1.6,C2514,ground
702684,110030,AGT-1105,2024-09-15,32.01,C2456,ground
703167,111388,AGT-1033,2024-09-15,19.73,C2519,ground
703439,110406,AGT-1168,2024-09-16,5.41,C2430,ground
700477,110388,AGT-1112,2024-09-17,29.98,C2524,ground
703358,111231,AGT-1039,2024-09-18,16.43,C2550,ground
701383,110211,AGT-1058,2024-09-19,33.09,C2536,ground
702631,110654,AGT-1063,2024-09-19,11.05,C2412,aerial
700839,110831,AGT-1010,2024-09-21,8.95,C2514,ground
703627,110992,AGT-1058,2024-09-22,25.66,C2486,ground
702388,110644,AGT-1085,2024-09-23,25.73,C2492,aerial
703147,111013,AGT-1154,2024-09-24,32.43,C2569,aerial
702737,111681,AGT-1182,2024-09-25,18.56,C2558,ground
700407,111368,AGT-1085,2024-09-26,23.08,C2522,fertigation
701233,111685,AGT-1145,2024-10-01,9.54,C2444,aerial
702117,111413,AGT-1164,2024-10-01,25.92,C2449,aerial
702411,110965,AGT-1133,2024-10-01,8.23,C2494,fertigation
700023,111513,AGT-1079,2024-10-02,38.87,C2462,ground
701284,111009,AGT-1154,2024-10-02,30.43,C2486,ground
702570,110945,AGT-1189,2024-10-02,28.29,C2458,aerial
703190,111143,AGT-1033,2024-10-02,31.89,C2524,fertigation
703745,110558,AGT-1129,2024-10-02,11.87,C2492,ground
703308,111092,AGT-1049,2024-10-04,18.11,C2486,fertigation
702617,110715,AGT-1121,2024-10-06,14.54,C2554,aerial
702908,110011,AGT-1129,2024-10-06,26.9,C2524,fertigation
704249,110357,AGT-1049,2024-10-08,20.46,C2412,ground
702930,110565,AGT-1039,2024-10-09,2.85,C2538,aerial
704392,110940,AGT-1039,2024-10-11,0.81,C2573,fertigation
703247,110879,AGT-1085,2024-10-12,33.89,C2573,aerial
704409,110666,AGT-1063,2024-10-13,19.92,C2405,fertigation
700267,110547,AGT-1071,2024-10-18,27.04,C2512,aerial
703352,111229,AGT-1091,2024-10-18,32.63,C2502,ground
701331,111465,AGT-1102,2024-10-22,19.66,C2522,ground
704174,110991,AGT-1112,2024-10-22,39.18,C2482,ground
703238,110792,AGT-1154,2024-10-24,1.51,C2573,ground
700844,110419,AGT-1071,2024-10-26,17.89,C2563,ground
703873,110350,AGT-1010,2024-10-28,25.4,C2486,aerial
703221,110062,AGT-1049,2024-10-29,10.15,C2546,fertigation
702179,110148,AGT-1121,2024-10-30,19.83,C2529,aerial
701725,110500,AGT-1091,2024-10-31,27.31,C2569,aerial
701328,110835,AGT-1085,2024-11-01,36.38,C2497,ground
702405,111013,AGT-1151,2024-11-01,16.87,C2401,aerial
702036,111168,AGT-1182,2024-11-02,28.75,C2412,aerial
702913,110424,AGT-1058,2024-11-04,4.74,C2524,ground
704499,111503,AGT-1004,2024-11-06,22.93,C2506,fertigation
704169,110228,AGT-1043,2024-11-07,13.62,C2446,fertigation
704341,111086,AGT-1154,2024-11-07,5.33,C2412,ground
701324,111701,AGT-1102,2024-11-08,8.91,C2430,ground
702164,111323,AGT-1085,2024-11-09,30.0,C2534,aerial
703521,110007,AGT-1004,2024-11-09,28.8,C2468,ground
701062,110227,AGT-1151,2024-11-10,38.64,C2497,fertigation
702905,110137,AGT-1102,2024-11-10,5.53,C2502,ground
704300,110547,AGT-1017,2024-11-11,24.01,C2407,ground
701039,111425,AGT-1105,2024-11-12,16.88,C2410,fertigation
701811,110925,AGT-1133,2024-11-12,29.64,C2482,ground
700629,110713,AGT-1039,2024-11-14,31.91,C2424,fertigation
700109,111611,AGT-1102,2024-11-15,31.39,C2548,ground
701357,118206,AGT-1176,2024-11-15,7.29,C2526,ground
702993,111284,AGT-1033,2024-11-15,17.27,C2452,fertigation
702134,111536,AGT-1105,2024-11-16,25.27,C2538,ground
703584,110549,AGT-1017,2024-11-16,13.15,C2407,fertigation
700780,110909,AGT-1129,2024-11-17,36.61,C2427,ground
701666,111016,AGT-1091,2024-11-17,22.88,C2497,aerial
704196,110018,AGT-1010,2024-11-17,35.46,C2435,aerial
703867,110307,AGT-1176,2024-11-20,13.0,C2440,fertigation
703321,110253,AGT-1176,2024-11-21,29.88,C2444,aerial
704074,111457,AGT-1079,2024-11-21,12.53,C2410,fertigation
700343,111429,AGT-1071,2024-11-24,9.56,C2449,fertigation
701413,111714,AGT-1017,2024-11-24,8.09,C2424,aerial
701731,110125,AGT-1121,2024-11-24,37.09,C2536,ground
702624,110228,AGT-1112,2024-11-24,4.26,C2567,ground
702728,110847,AGT-1049,2024-11-24,2.86,C2526,ground
701343,111661,AGT-1182,2024-11-26,2.31,C2458,aerial
702872,110209,AGT-1010,2024-11-26,9.09,C2468,ground
701419,110831,AGT-1058,2024-11-27,38.8,C2529,ground
700688,110580,AGT-1151,2024-11-30,28.55,C2548,aerial
700979,111097,AGT-1189,2024-11-30,13.43,C2440,ground
703964,110180,AGT-1112,2024-12-01,16.39,C2477,fertigation
702592,111105,AGT-1176,2024-12-03,29.87,C2478,ground
701069,111371,AGT-1024,2024-12-04,31.55,C2522,ground
701767,110565,AGT-1091,2024-12-04,31.15,C2497,aerial
702598,110829,AGT-1105,2024-12-04,9.57,C2482,ground
703277,110753,AGT-1017,2024-12-06,17.41,C2509,fertigation
702415,111581,AGT-1063,2024-12-07,25.9,C2529,ground
700393,110627,AGT-1102,2024-12-08,34.1,C2546,aerial
701647,110839,AGT-1049,2024-12-08,31.03,C2401,ground
701216,110669,AGT-1176,2024-12-09,0.88,C2529,ground
700952,110666,AGT-1091,2024-12-11,5.88,C2462,ground
701135,111622,AGT-1105,2024-12-11,34.97,C2458,ground
702143,111707,AGT-1049,2024-12-12,21.63,C2424,ground
702282,110850,AGT-1004,2024-12-15,12.89,C2444,ground
702607,111218,AGT-1091,2024-12-16,0.73,C2470,fertigation
704379,111660,AGT-1102,2024-12-16,4.5,C2569,fertigation
704252,111388,AGT-1176,2024-12-19,32.85,C2506,aerial
703115,110105,AGT-1058,2024-12-22,37.19,C2548,ground
703592,111577,AGT-1085,2024-12-23,15.76,C2526,ground
700741,110194,AGT-1189,2024-12-24,23.47,C2435,ground
702973,110085,AGT-1024,2024-12-26,27.55,C2412,aerial
701456,111650,AGT-1102,2024-12-29,9.64,C2567,fertigation
703573,110559,AGT-1049,2024-12-30,6.52,C2456,ground
704451,110307,AGT-1189,2024-12-30,14.75,C2446,ground
700583,110243,AGT-1102,2024-12-31,22.01,C2546,ground
703375,110867,AGT-1024,2025-01-01,22.31,C2437,aerial
701800,110500,AGT-1024,2025-01-02,38.34,C2401,ground
702664,111238,AGT-1154,2025-01-02,0.63,C2542,ground
703636,111124,AGT-1112,2025-01-02,31.52,C2489,ground
701308,110901,AGT-1033,2025-01-03,4.89,C2446,aerial
701792,111333,AGT-1154,2025-01-03,25.56,C2534,ground
704230,111597,AGT-1049,2025-01-03,35.54,C2509,fertigation
703457,110781,AGT-1168,2025-01-04,38.29,C2444,fertigation
700373,111647,AGT-1079,2025-01-06,21.29,C2440,aerial
702985,110961,AGT-1176,2025-01-06,0.92,C2492,ground
701196,110688,AGT-1145,2025-01-07,10.91,C2542,ground
700491,110818,AGT-1085,2025-01-09,15.44,C2458,ground
702160,111237,AGT-1189,2025-01-10,21.7,C2427,fertigation
700969,111071,AGT-1004,2025-01-11,16.05,C2462,aerial
702723,111284,AGT-1033,2025-01-13,20.14,C2452,ground
702260,110277,AGT-1085,2025-01-14,22.75,C2497,aerial
700375,111735,AGT-1168,2025-01-16,10.9,C2548,ground
702299,110009,AGT-1024,2025-01-16,21.34,C2407,ground
701102,111070,AGT-1133,2025-01-18,12.92,C2524,ground
700677,110362,AGT-1079,2025-01-19,16.68,C2542,aerial
704101,110627,AGT-1164,2025-01-19,3.5,C2458,fertigation
704516,111260,AGT-1189,2025-01-20,16.39,C2486,ground
700823,111465,AGT-1189,2025-01-21,21.45,C2534,ground
703698,110688,AGT-1164,2025-01-21,29.59,C2415,aerial
702321,110552,AGT-1182,2025-01-24,8.22,C2478,ground
703849,110511,AGT-1049,2025-01-25,13.16,C2486,ground
700055,111188,AGT-1058,2025-01-26,19.17,C2463,ground
700171,111152,AGT-1164,2025-01-27,3.08,C2477,fertigation
700543,111023,AGT-1105,2025-01-30,9.56,C2546,ground
702579,110397,AGT-1043,2025-01-30,38.61,C2550,ground
701480,110860,AGT-1085,2025-01-31,7.81,C2468,aerial
703098,110181,AGT-1085,2025-02-03,20.15,C2529,ground
700997,110721,AGT-1049,2025-02-07,25.35,C2446,aerial
703503,110965,AGT-1024,2025-02-09,17.15,C2573,ground
703900,110126,AGT-1189,2025-02-10,8.34,C2546,ground
701363,111447,AGT-1102,2025-02-12,26.64,C2522,fertigation
701639,110764,AGT-1024,2025-02-12,23.76,C2482,ground
704092,111543,AGT-1129,2025-02-12,30.78,C2463,ground
700031,111374,AGT-1151,2025-02-13,6.84,C2506,ground
702201,111701,AGT-1182,2025-02-13,35.52,C2573,ground
703966,110717,AGT-1176,2025-02-13,3.95,C2412,ground
700339,110093,AGT-1182,2025-02-15,33.88,C2492,fertigation
702195,110407,AGT-1121,2025-02-15,36.37,C2472,aerial
703175,110717,AGT-1010,2025-02-15,22.89,C2415,ground
703811,110448,AGT-1105,2025-02-16,32.13,C2412,ground
702382,111436,AGT-1112,2025-02-17,12.99,C2506,ground
703388,110920,AGT-1102,2025-02-17,23.0,C2470,ground
703269,111740,AGT-1164,2025-02-18,10.11,C2472,ground
701116,110225,AGT-1129,2025-02-19,39.04,C2554,ground
700239,111243,AGT-1085,2025-02-20,12.23,C2427,ground
700231,110043,AGT-1010,2025-02-22,28.1,C2509,ground
702253,110069,AGT-1145,2025-02-22,28.76,C2444,fertigation
702938,110694,AGT-1105,2025-02-22,33.65,C2489,aerial
703559,110929,AGT-1004,2025-02-22,2.93,C2482,ground
702053,110654,AGT-1058,2025-02-23,20.41,C2567,ground
703030,110707,AGT-1043,2025-02-23,2.19,C2550,aerial
703403,110506,AGT-1102,2025-02-23,11.7,C2501,ground
701872,111145,AGT-1024,2025-02-26,3.95,C2446,ground
700254,111025,AGT-1102,2025-02-27,16.9,C2558,ground
702581,111310,AGT-1182,2025-03-01,37.24,C2410,aerial
703945,111498,AGT-1189,2025-03-04,8.16,C2519,aerial
704243,111657,AGT-1017,2025-03-04,20.9,C2509,aerial
701581,111684,AGT-1079,2025-03-05,10.1,C2478,ground
702763,110562,AGT-1189,2025-03-05,37.63,C2482,fertigation
703575,110846,AGT-1182,2025-03-05,7.39,C2482,fertigation
701880,110698,AGT-1168,2025-03-06,28.73,C2494,fertigation
703105,111227,AGT-1105,2025-03-07,13.65,C2529,fertigation
701333,111377,AGT-1058,2025-03-08,29.09,C2522,ground
701696,111158,AGT-1071,2025-03-08,38.51,C2420,aerial
700867,111298,AGT-1105,2025-03-09,3.41,C2506,ground
701387,110079,AGT-1010,2025-03-09,37.62,C2559,ground
702544,110559,AGT-1145,2025-03-10,36.95,C2486,ground
703021,111315,AGT-1176,2025-03-12,18.2,C2519,ground
702442,110561,AGT-1189,2025-03-14,5.21,C2569,ground
703062,111660,AGT-1151,2025-03-16,9.44,C2456,ground
700120,110312,AGT-1058,2025-03-17,32.44,C2546,ground
701616,111648,AGT-1164,2025-03-19,17.69,C2492,aerial
704192,110561,AGT-1043,2025-03-19,6.96,C2444,fertigation
701264,110204,AGT-1176,2025-03-20,11.9,C2548,ground
700316,111031,AGT-1164,2025-03-22,13.82,C2554,ground
700637,110700,AGT-1017,2025-03-22,37.36,C2430,fertigation
703620,110815,AGT-1112,2025-03-22,18.9,C2536,fertigation
700793,111024,AGT-1145,2025-03-23,20.81,C2430,ground
702030,110895,AGT-1145,2025-03-23,32.65,C2538,ground
702898,110073,AGT-1164,2025-03-24,17.24,C2492,aerial
704309,110593,AGT-1102,2025-03-24,8.48,C2569,ground
702786,110793,AGT-1033,2025-03-25,34.31,C2470,aerial
700016,110894,AGT-1133,2025-03-28,35.64,C2458,ground
700448,110397,AGT-1102,2025-03-29,25.77,C2567,ground
701400,111552,AGT-1121,2025-03-29,4.98,C2424,ground
700893,111514,AGT-1071,2025-03-30,9.58,C2405,ground
703734,110583,AGT-1102,2025-03-30,13.3,C2468,ground
703719,111369,AGT-1145,2025-03-31,6.13,C2449,aerial
702284,111541,AGT-1058,2025-04-01,38.37,C2548,ground
703141,110236,AGT-1121,2025-04-01,39.23,C2569,fertigation
700094,110346,AGT-1189,2025-04-03,4.24,C2526,aerial
703799,110662,AGT-1176,2025-04-04,0.84,C2501,fertigation
701214,110106,AGT-1176,2025-04-05,0.58,C2529,fertigation
702079,111021,AGT-1091,2025-04-10,32.41,C2538,ground
701194,111457,AGT-1085,2025-04-13,29.12,C2410,ground
701941,111366,AGT-1043,2025-04-14,15.28,C2449,aerial
700919,111075,AGT-1043,2025-04-16,25.21,C2494,aerial
700869,111538,AGT-1004,2025-04-17,16.7,C2424,ground
702345,110934,AGT-1133,2025-04-17,27.49,C2529,ground
702537,111208,AGT-1168,2025-04-17,26.01,C2501,ground
703548,111570,AGT-1004,2025-04-20,8.73,C2489,aerial
703773,110295,AGT-1164,2025-04-20,20.09,C2538,fertigation
700354,110194,AGT-1164,2025-04-21,20.96,C2401,ground
700655,110286,AGT-1004,2025-04-21,25.88,C2440,ground
701522,110245,AGT-1189,2025-04-21,26.14,C2542,fertigation
700149,110685,AGT-1024,2025-04-22,1.62,C2446,fertigation
702239,110944,AGT-1105,2025-04-23,22.89,C2501,aerial
700285,111617,AGT-1112,2025-04-26,3.76,C2512,ground
703514,111144,AGT-1133,2025-04-26,17.04,C2430,ground
703692,110632,AGT-1121,2025-04-27,16.48,C2407,ground
702246,110963,AGT-1189,2025-04-28,37.3,C2486,ground
701104,110840,AGT-1176,2025-04-29,24.59,C2492,ground
704067,110299,AGT-1189,2025-04-29,39.47,C2421,ground
700289,111725,AGT-1043,2025-04-30,24.58,C2548,ground
704185,110548,AGT-1121,2025-05-03,21.61,C2497,ground
702698,110380,AGT-1071,2025-05-07,24.87,C2468,aerial
702455,111592,AGT-1043,2025-05-09,18.5,C2542,ground
701379,111663,AGT-1039,2025-05-11,4.46,C2489,ground
700081,110094,AGT-1105,2025-05-13,37.82,C2569,aerial
701504,111728,AGT-1004,2025-05-13,28.5,C2410,aerial
702011,111187,AGT-1071,2025-05-13,16.6,C2452,ground
704291,110913,AGT-1049,2025-05-14,22.01,C2470,ground
702615,118206,AGT-1105,2025-05-15,18.45,C2486,aerial
702109,110662,AGT-1033,2025-05-17,12.06,C2524,ground
703819,111205,AGT-1058,2025-05-20,1.8,C2559,ground
704423,111238,AGT-1024,2025-05-22,21.9,C2542,fertigation
702836,110392,AGT-1024,2025-05-23,1.81,C2452,fertigation
703207,110764,AGT-1004,2025-05-23,27.9,C2401,ground
701738,111573,AGT-1058,2025-05-24,27.1,C2524,ground
703543,111571,AGT-1129,2025-05-25,5.29,C2430,ground
703896,110894,AGT-1102,2025-05-26,7.6,C2558,fertigation
700896,111195,AGT-1189,2025-05-28,28.52,C2573,ground
701702,110060,AGT-1043,2025-05-28,38.71,C2538,aerial
703342,110346,AGT-1151,2025-05-31,11.23,C2401,ground
703464,110796,AGT-1004,2025-06-01,35.45,C2526,fertigation
703776,111589,AGT-1189,2025-06-02,4.58,C2477,fertigation
702651,111554,AGT-1033,2025-06-03,11.06,C2427,ground
700086,110348,AGT-1168,2025-06-04,4.56,C2569,ground
700190,110114,AGT-1010,2025-06-04,26.17,C2452,fertigation
701159,110316,AGT-1063,2025-06-04,17.8,C2427,fertigation
700517,110087,AGT-1071,2025-06-05,12.5,C2497,aerial
702066,110171,AGT-1079,2025-06-06,28.34,C2563,aerial
702467,111473,AGT-1058,2025-06-06,29.23,C2522,ground
701951,110832,AGT-1102,2025-06-07,34.62,C2415,aerial
700507,111512,AGT-1071,2025-06-09,3.1,C2410,ground
702361,110287,AGT-1063,2025-06-10,9.92,C2489,aerial
703932,110984,AGT-1049,2025-06-10,26.83,C2502,ground
700548,111550,AGT-1079,2025-06-11,14.44,C2501,ground
700911,111499,AGT-1151,2025-06-12,10.27,C2534,aerial
703567,111726,AGT-1049,2025-06-13,28.62,C2478,ground
704400,111593,AGT-1071,2025-06-13,26.66,C2477,aerial
701470,110476,AGT-1154,2025-06-14,35.45,C2412,ground
703448,110560,AGT-1154,2025-06-14,28.39,C2486,ground
703674,110927,AGT-1164,2025-06-17,11.31,C2435,ground
703827,111637,AGT-1091,2025-06-18,4.21,C2401,ground
700945,111637,AGT-1085,2025-06-19,39.32,C2401,ground
701315,110929,AGT-1105,2025-06-20,36.43,C2401,ground
703422,110836,AGT-1121,2025-06-20,18.7,C2427,ground
702369,110640,AGT-1145,2025-06-22,39.21,C2512,fertigation
701569,111317,AGT-1079,2025-06-23,6.14,C2519,ground
703450,110169,AGT-1151,2025-06-23,21.41,C2524,ground
700557,111628,AGT-1085,2025-06-24,7.38,C2420,ground
700799,110068,AGT-1058,2025-06-24,32.88,C2456,ground
701607,110395,AGT-1176,2025-06-24,27.43,C2456,fertigation
701619,110551,AGT-1133,2025-06-24,11.42,C2407,ground
700384,111506,AGT-1039,2025-06-25,21.25,C2522,ground
702102,111593,AGT-1017,2025-06-25,17.77,C2472,ground
700397,111150,AGT-1151,2025-06-28,25.59,C2424,ground
700409,111324,AGT-1176,2025-06-29,5.2,C2410,fertigation
703069,110831,AGT-1168,2025-06-29,32.04,C2559,ground
700067,110283,AGT-1129,2025-06-30,31.82,C2415,aerial
701208,111671,AGT-1024,2025-07-02,33.09,C2420,ground
701000,111452,AGT-1004,2025-07-03,16.47,C2522,ground
701856,110527,AGT-1154,2025-07-03,8.93,C2405,ground
704436,110337,AGT-1063,2025-07-04,21.33,C2456,fertigation
700051,111573,AGT-1133,2025-07-06,7.21,C2567,ground
703789,110242,AGT-1079,2025-07-08,6.3,C2405,fertigation
700186,111582,AGT-1112,2025-07-10,14.57,C2478,ground
700502,110757,AGT-1182,2025-07-10,33.5,C2420,fertigation
700748,110875,AGT-1176,2025-07-10,35.46,C2559,ground
701548,110948,AGT-1043,2025-07-11,20.96,C2427,ground
701861,111520,AGT-1168,2025-07-11,14.4,C2420,fertigation
702022,111535,AGT-1043,2025-07-11,36.27,C2415,ground
700304,111053,AGT-1129,2025-07-12,1.41,C2536,ground
700787,111524,AGT-1133,2025-07-12,39.07,C2567,ground
701494,110083,AGT-1039,2025-07-12,14.13,C2529,aerial
701923,111397,AGT-1112,2025-07-12,27.35,C2534,aerial
701278,111538,AGT-1151,2025-07-13,21.64,C2463,aerial
701575,110977,AGT-1182,2025-07-14,5.68,C2420,fertigation
702338,111005,AGT-1004,2025-07-14,25.61,C2486,ground
700208,111732,AGT-1091,2025-07-15,11.75,C2546,fertigation
700297,111684,AGT-1154,2025-07-17,18.03,C2559,ground
700451,111372,AGT-1189,2025-07-17,11.32,C2534,ground
702739,110134,AGT-1010,2025-07-17,14.02,C2494,aerial
703112,111697,AGT-1129,2025-07-21,4.96,C2437,ground
701445,110960,AGT-1049,2025-07-22,29.3,C2401,ground
703123,111609,AGT-1085,2025-07-22,16.58,C2550,fertigation
701990,110433,AGT-1151,2025-07-26,27.7,C2548,ground
703231,110677,AGT-1182,2025-07-26,5.18,C2492,fertigation
704312,110029,AGT-1091,2025-07-27,3.0,C2486,ground
703039,110336,AGT-1168,2025-07-28,18.13,C2486,fertigation
702499,110897,AGT-1043,2025-07-29,15.68,C2546,ground
704058,111437,AGT-1017,2025-07-31,26.99,C2534,ground
703078,111068,AGT-1085,2025-08-01,16.22,C2497,ground
700928,110338,AGT-1039,2025-08-04,5.04,C2470,aerial
702789,111504,AGT-1151,2025-08-04,26.36,C2519,ground
703681,110388,AGT-1102,2025-08-04,23.4,C2529,ground
701842,111660,AGT-1085,2025-08-06,19.85,C2486,ground
703678,110365,AGT-1058,2025-08-08,14.23,C2563,ground
700291,111630,AGT-1168,2025-08-11,19.48,C2478,ground
703536,110677,AGT-1189,2025-08-13,29.6,C2452,ground
700062,111651,AGT-1063,2025-08-15,6.01,C2573,aerial
702966,110947,AGT-1154,2025-08-15,13.64,C2458,fertigation
701598,110777,AGT-1049,2025-08-19,16.36,C2462,fertigation
700703,111224,AGT-1168,2025-08-20,28.55,C2512,fertigation
703252,111692,AGT-1176,2025-08-20,6.16,C2456,ground
700350,110402,AGT-1112,2025-08-23,39.35,C2567,ground
702153,111319,AGT-1145,2025-08-27,34.37,C2410,ground
700271,111740,AGT-1043,2025-08-31,16.14,C2524,ground
702230,111325,AGT-1102,2025-09-02,34.4,C2519,aerial
701223,111027,AGT-1004,2025-09-03,37.78,C2415,fertigation
702277,111593,AGT-1043,2025-09-03,18.24,C2573,fertigation
700663,110089,AGT-1058,2025-09-04,0.42,C2492,ground
701784,110088,AGT-1058,2025-09-06,20.99,C2482,fertigation
703669,110803,AGT-1168,2025-09-07,19.18,C2424,aerial
704124,110610,AGT-1154,2025-09-09,30.58,C2489,ground
704263,111704,AGT-1033,2025-09-09,2.29,C2427,ground
700282,111204,AGT-1182,2025-09-10,17.1,C2509,fertigation
704260,111492,AGT-1129,2025-09-10,4.51,C2449,ground
702943,110818,AGT-1133,2025-09-11,2.76,C2478,ground
703661,111354,AGT-1004,2025-09-14,3.84,C2449,ground
700443,111491,AGT-1105,2025-09-15,21.6,C2522,fertigation
702045,110419,AGT-1033,2025-09-16,39.35,C2421,ground
703282,110969,AGT-1189,2025-09-18,28.56,C2509,ground
703990,111471,AGT-1033,2025-09-18,24.49,C2410,fertigation
701663,111336,AGT-1058,2025-09-19,27.53,C2506,fertigation
703126,111362,AGT-1145,2025-09-24,38.75,C2449,ground
703395,110921,AGT-1151,2025-09-24,31.62,C2452,ground
700565,111290,AGT-1043,2025-09-25,6.13,C2509,ground
701679,111710,AGT-1145,2025-09-25,36.89,C2478,fertigation
702304,111026,AGT-1079,2025-09-25,17.57,C2512,aerial
704411,110726,AGT-1010,2025-09-25,21.11,C2526,fertigation
700699,110686,AGT-1058,2025-09-26,10.03,C2567,aerial
704459,111519,AGT-1033,2025-09-26,15.92,C2538,aerial
700685,111471,AGT-1145,2025-09-27,22.04,C2449,ground
701225,110131,AGT-1105,2025-09-28,30.93,C2427,fertigation
702755,110588,AGT-1121,2025-09-29,31.93,C2430,aerial
701774,111001,AGT-1079,2025-09-30,20.27,C2486,fertigation
701258,110054,AGT-1145,2025-10-01,3.21,C2558,aerial
701868,111347,AGT-1145,2025-10-03,11.39,C2449,ground
702125,111641,AGT-1182,2025-10-03,31.61,C2559,ground
700525,110468,AGT-1004,2025-10-04,37.35,C2529,fertigation
701436,111359,AGT-1024,2025-10-04,16.97,C2506,fertigation
704481,111090,AGT-1112,2025-10-04,39.48,C2482,fertigation
700010,111324,AGT-1121,2025-10-06,21.41,C2534,aerial
703495,110884,AGT-1145,2025-10-06,4.71,C2489,fertigation
703370,110663,AGT-1176,2025-10-07,28.02,C2538,aerial
703655,111285,AGT-1017,2025-10-07,19.95,C2456,ground
701564,110030,AGT-1010,2025-10-09,1.04,C2435,fertigation
702819,110196,AGT-1154,2025-10-09,31.18,C2446,fertigation
702675,110575,AGT-1039,2025-10-10,15.76,C2440,ground
703871,110475,AGT-1121,2025-10-10,20.03,C2472,fertigation
701970,110564,AGT-1071,2025-10-16,17.67,C2482,fertigation
702359,111370,AGT-1145,2025-10-16,34.2,C2506,ground
700738,110408,AGT-1085,2025-10-17,7.39,C2401,ground
703808,110756,AGT-1043,2025-10-17,33.66,C2427,ground
702638,110293,AGT-1071,2025-10-19,27.16,C2542,aerial
704325,110147,AGT-1151,2025-10-22,20.42,C2478,ground
704349,111238,AGT-1033,2025-10-22,22.48,C2437,aerial
704370,111622,AGT-1017,2025-10-22,34.8,C2512,fertigation
704088,110847,AGT-1168,2025-10-23,27.97,C2482,ground
700104,110505,AGT-1112,2025-10-24,18.33,C2458,aerial
702081,110930,AGT-1121,2025-10-24,9.82,C2526,ground
702726,110067,AGT-1010,2025-10-24,16.43,C2470,ground
703001,111264,AGT-1033,2025-10-30,6.11,C2563,ground
702490,111275,AGT-1121,2025-10-31,8.02,C2470,ground
703028,111638,AGT-1033,2025-11-01,23.8,C2444,ground
704427,110053,AGT-1112,2025-11-01,0.73,C2478,ground
702520,110979,AGT-1033,2025-11-02,21.87,C2546,fertigation
702805,111028,AGT-1168,2025-11-02,24.78,C2563,aerial
703557,110386,AGT-1182,2025-11-02,9.7,C2489,aerial
700314,110450,AGT-1010,2025-11-03,11.56,C2512,ground
701788,118207,AGT-1085,2025-11-04,30.98,C2526,ground
701299,110974,AGT-1102,2025-11-07,30.55,C2427,ground
700539,110567,AGT-1004,2025-11-09,16.09,C2478,ground
702263,111131,AGT-1085,2025-11-11,11.1,C2437,ground
704226,111365,AGT-1102,2025-11-11,33.35,C2410,ground
700907,110268,AGT-1151,2025-11-13,19.88,C2470,fertigation
704081,110547,AGT-1176,2025-11-13,39.71,C2430,ground
701747,110295,AGT-1091,2025-11-14,17.06,C2489,ground
701675,110706,AGT-1129,2025-11-15,29.22,C2412,fertigation
703316,111093,AGT-1129,2025-11-15,27.85,C2567,fertigation
701982,111364,AGT-1043,2025-11-17,32.86,C2506,fertigation
702888,110005,AGT-1004,2025-11-17,11.9,C2501,fertigation
701634,110744,AGT-1105,2025-11-18,31.14,C2542,aerial
700124,110478,AGT-1189,2025-11-19,29.29,C2563,ground
702620,110566,AGT-1164,2025-11-21,10.49,C2497,ground
700769,111064,AGT-1063,2025-11-23,17.82,C2492,ground
700608,110829,AGT-1133,2025-11-24,11.38,C2486,ground
701074,111552,AGT-1189,2025-11-24,28.88,C2421,ground
702894,110859,AGT-1154,2025-11-24,35.26,C2458,ground
701513,111528,AGT-1049,2025-11-26,31.4,C2536,ground
701957,111176,AGT-1033,2025-11-28,24.82,C2497,ground
700157,110093,AGT-1091,2025-11-30,7.67,C2470,ground
702488,111722,AGT-1010,2025-12-01,1.34,C2501,aerial
701654,110247,AGT-1071,2025-12-02,30.56,C2421,aerial
702396,111724,AGT-1182,2025-12-02,25.03,C2554,ground
703652,111110,AGT-1182,2025-12-02,5.82,C2412,ground
700898,111303,AGT-1079,2025-12-04,39.09,C2522,ground
703955,110736,AGT-1085,2025-12-04,36.86,C2440,ground
700418,111311,AGT-1151,2025-12-05,13.59,C2506,ground
702709,110756,AGT-1112,2025-12-05,27.93,C2514,ground
703419,110408,AGT-1112,2025-12-05,6.04,C2492,aerial
703571,110263,AGT-1079,2025-12-07,33.46,C2526,ground
701905,111024,AGT-1164,2025-12-08,35.76,C2546,fertigation
702483,111489,AGT-1102,2025-12-10,11.75,C2534,ground
702761,110940,AGT-1058,2025-12-11,38.27,C2421,ground
702978,111740,AGT-1091,2025-12-11,0.47,C2437,aerial
703182,110024,AGT-1182,2025-12-11,3.73,C2492,aerial
700026,111469,AGT-1010,2025-12-13,1.04,C2449,aerial
703924,111105,AGT-1112,2025-12-13,28.47,C2412,aerial
704505,111476,AGT-1182,2025-12-17,21.49,C2519,ground
703226,111348,AGT-1024,2025-12-19,16.96,C2522,fertigation
703796,111653,AGT-1105,2025-12-19,32.06,C2435,ground
703917,111391,AGT-1154,2025-12-19,12.08,C2410,aerial
703446,111003,AGT-1004,2025-12-20,2.48,C2569,ground
700332,110224,AGT-1154,2025-12-21,21.26,C2536,ground
704118,111630,AGT-1182,2025-12-21,33.08,C2559,aerial
704052,110099,AGT-1151,2025-12-23,3.65,C2456,aerial
704352,110422,AGT-1079,2025-12-23,27.53,C2420,ground
701125,111536,AGT-1102,2025-12-24,37.51,C2494,ground
701171,110213,AGT-1151,2025-12-25,4.7,C2554,ground
702586,110073,AGT-1091,2025-12-26,33.77,C2492,fertigation
701219,110129,AGT-1024,2025-12-27,16.45,C2430,ground
703412,110795,AGT-1058,2025-12-27,14.28,C2569,ground
701132,110689,AGT-1079,2025-12-28,37.98,C2446,fertigation
701486,111629,AGT-1105,2025-12-28,15.52,C2420,ground
703840,111449,AGT-1133,2025-12-28,11.68,C2519,ground
704128,110183,AGT-1182,2025-12-30,16.92,C2559,ground
704047,111462,AGT-1058,2026-01-02,2.87,C2410,ground
701631,111529,AGT-1102,2026-01-03,2.65,C2563,ground
703204,111539,AGT-1085,2026-01-03,38.86,C2420,ground
703764,111014,AGT-1151,2026-01-04,30.18,C2444,ground
701465,110375,AGT-1017,2026-01-06,0.68,C2492,ground
701889,110870,AGT-1010,2026-01-06,20.57,C2563,fertigation
702584,110232,AGT-1043,2026-01-06,34.09,C2452,ground
701556,110090,AGT-1024,2026-01-08,24.95,C2470,fertigation
702374,110767,AGT-1145,2026-01-08,10.31,C2526,ground
700006,111038,AGT-1071,2026-01-10,9.53,C2482,ground
701186,111203,AGT-1039,2026-01-10,29.17,C2486,fertigation
702769,110982,AGT-1112,2026-01-13,32.61,C2536,aerial
700512,110478,AGT-1024,2026-01-15,27.48,C2497,ground
703287,111419,AGT-1063,2026-01-15,32.64,C2522,aerial
700771,111458,AGT-1182,2026-01-18,32.56,C2519,ground
700166,110466,AGT-1133,2026-01-20,12.79,C2430,fertigation
702920,110531,AGT-1102,2026-01-21,26.57,C2486,aerial
704269,111300,AGT-1112,2026-01-21,16.61,C2449,aerial
702564,110579,AGT-1176,2026-01-22,20.48,C2573,aerial
703640,110271,AGT-1049,2026-01-23,24.86,C2477,ground
700535,110693,AGT-1121,2026-01-26,25.93,C2494,fertigation
700561,110740,AGT-1010,2026-01-29,9.69,C2462,ground
701051,111007,AGT-1063,2026-01-29,10.53,C2569,ground
703056,110929,AGT-1039,2026-01-30,34.57,C2444,aerial
703050,111519,AGT-1151,2026-01-31,4.88,C2458,fertigation
701057,110734,AGT-1105,2026-02-01,18.39,C2468,ground
704413,110262,AGT-1010,2026-02-01,7.48,C2482,fertigation
702558,110972,AGT-1010,2026-02-02,22.69,C2472,ground
701729,110914,AGT-1129,2026-02-03,35.13,C2492,fertigation
704359,110440,AGT-1129,2026-02-03,19.33,C2430,ground
700941,110157,AGT-1164,2026-02-04,13.29,C2492,ground
703151,111542,AGT-1049,2026-02-04,13.77,C2512,ground
703690,110490,AGT-1145,2026-02-06,22.42,C2548,ground
702213,110057,AGT-1129,2026-02-07,3.45,C2446,fertigation
704276,111005,AGT-1017,2026-02-07,26.76,C2456,ground
700853,111349,AGT-1129,2026-02-08,28.99,C2534,ground
701336,111027,AGT-1112,2026-02-09,17.32,C2405,ground
702417,110448,AGT-1085,2026-02-09,13.45,C2542,ground
700809,110147,AGT-1024,2026-02-11,1.06,C2514,ground
701531,110083,AGT-1079,2026-02-11,15.5,C2497,ground
704159,111648,AGT-1024,2026-02-13,31.89,C2482,fertigation
703940,110108,AGT-1079,2026-02-15,30.82,C2489,fertigation
704079,110797,AGT-1063,2026-02-15,8.73,C2486,ground
704336,111057,AGT-1063,2026-02-16,25.37,C2526,ground
702208,111407,AGT-1043,2026-02-18,38.36,C2449,ground
702225,110562,AGT-1189,2026-02-19,10.51,C2482,ground
702290,111022,AGT-1033,2026-02-19,7.2,C2497,aerial
703327,111524,AGT-1063,2026-02-20,15.67,C2573,fertigation
702882,110983,AGT-1039,2026-02-21,31.58,C2558,ground
702507,110853,AGT-1010,2026-02-22,1.12,C2501,ground
700877,110003,AGT-1189,2026-02-23,18.34,C2548,ground
703541,111416,AGT-1129,2026-02-24,26.48,C2519,fertigation
700497,110015,AGT-1145,2026-02-25,34.8,C2424,ground
701993,111298,AGT-1182,2026-02-25,21.72,C2522,ground
700692,110082,AGT-1105,2026-02-27,38.28,C2415,fertigation
704382,110642,AGT-1017,2026-02-27,15.63,C2452,ground
700991,111716,AGT-1010,2026-02-28,38.49,C2427,aerial
703094,110769,AGT-1017,2026-02-28,20.36,C2482,ground
704494,111266,AGT-1049,2026-02-28,27.47,C2486,ground
701079,110041,AGT-1105,2026-03-02,24.75,C2550,ground
701540,111727,AGT-1189,2026-03-02,20.0,C2412,ground
700194,111355,AGT-1133,2026-03-03,10.32,C2449,fertigation
701018,110866,AGT-1133,2026-03-03,13.15,C2420,ground
700617,111552,AGT-1091,2026-03-04,1.54,C2424,fertigation
700760,110570,AGT-1151,2026-03-05,18.43,C2502,fertigation
700652,111339,AGT-1004,2026-03-06,37.06,C2410,aerial
702172,110408,AGT-1010,2026-03-06,24.67,C2452,ground
704063,111280,AGT-1033,2026-03-06,19.03,C2550,ground
704155,110081,AGT-1151,2026-03-07,10.27,C2538,ground
701427,110255,AGT-1091,2026-03-08,38.8,C2456,fertigation
703831,110257,AGT-1189,2026-03-08,39.66,C2401,ground
700620,110057,AGT-1121,2026-03-10,26.26,C2573,aerial
702425,111667,AGT-1154,2026-03-12,32.14,C2435,ground
702447,110988,AGT-1189,2026-03-12,36.69,C2526,fertigation
702981,110291,AGT-1024,2026-03-14,35.08,C2424,ground
702691,110841,AGT-1043,2026-03-17,18.48,C2526,ground
700330,111526,AGT-1024,2026-03-18,4.5,C2489,ground
701848,110133,AGT-1102,2026-03-19,11.57,C2472,ground
700276,111299,AGT-1085,2026-03-22,9.98,C2449,aerial
701371,110599,AGT-1189,2026-03-22,13.07,C2401,aerial
703890,110434,AGT-1063,2026-03-23,38.44,C2573,ground
702453,110018,AGT-1058,2026-03-24,3.52,C2456,ground
703905,110426,AGT-1129,2026-03-24,24.7,C2437,ground
700861,111436,AGT-1049,2026-03-25,19.33,C2506,ground
702798,110256,AGT-1112,2026-03-25,2.93,C2444,ground
704137,111471,AGT-1071,2026-03-26,19.84,C2410,ground
701590,111614,AGT-1033,2026-03-29,31.33,C2526,fertigation
701765,110042,AGT-1017,2026-03-29,28.35,C2463,ground
704368,111466,AGT-1079,2026-04-01,17.27,C2534,ground
700311,110672,AGT-1091,2026-04-02,11.79,C2558,fertigation
703930,111237,AGT-1168,2026-04-03,3.85,C2567,ground
702234,110980,AGT-1043,2026-04-05,4.31,C2542,ground
701318,110623,AGT-1079,2026-04-06,14.06,C2401,ground
700042,110891,AGT-1168,2026-04-07,29.95,C2509,ground
703528,110546,AGT-1017,2026-04-07,23.46,C2558,ground
704511,110789,AGT-1151,2026-04-07,35.94,C2548,fertigation
702778,110101,AGT-1182,2026-04-10,23.23,C2415,fertigation
701817,110905,AGT-1154,2026-04-12,14.75,C2437,fertigation
702716,110360,AGT-1049,2026-04-12,10.03,C2492,ground
702880,111015,AGT-1105,2026-04-16,1.44,C2529,ground
702513,110523,AGT-1105,2026-04-17,15.81,C2554,aerial
702644,110867,AGT-1133,2026-04-18,11.46,C2430,ground
703582,110809,AGT-1010,2026-04-18,30.56,C2446,aerial
700457,111520,AGT-1043,2026-04-20,26.76,C2546,aerial
700885,111354,AGT-1189,2026-04-22,22.51,C2506,ground
702854,110194,AGT-1071,2026-04-22,23.6,C2456,ground
704039,111060,AGT-1102,2026-04-23,16.89,C2486,ground
700603,110732,AGT-1189,2026-04-24,35.54,C2415,fertigation
703008,110113,AGT-1033,2026-04-26,29.8,C2526,ground
703267,111455,AGT-1004,2026-04-26,22.76,C2534,aerial
700038,111198,AGT-1151,2026-04-27,27.68,C2573,ground
701718,110189,AGT-1164,2026-04-29,30.46,C2456,ground
701261,111409,AGT-1102,2026-04-30,14.68,C2506,fertigation
703481,110828,AGT-1102,2026-05-02,7.64,C2526,fertigation
700177,111556,AGT-1112,2026-05-04,20.64,C2437,ground
701291,110356,AGT-1049,2026-05-04,26.24,C2427,fertigation
704164,110857,AGT-1043,2026-05-11,8.87,C2478,fertigation
700216,111706,AGT-1017,2026-05-12,34.78,C2489,ground
701474,111699,AGT-1105,2026-05-12,39.58,C2529,aerial
700591,111678,AGT-1058,2026-05-13,9.86,C2554,ground
703090,110853,AGT-1176,2026-05-15,2.17,C2420,ground
700153,111515,AGT-1154,2026-05-17,33.82,C2558,ground
701955,110391,AGT-1085,2026-05-17,18.2,C2472,fertigation
704109,110904,AGT-1024,2026-05-17,8.62,C2567,ground
701492,111689,AGT-1176,2026-05-18,18.45,C2573,ground
701946,110002,AGT-1039,2026-05-24,17.97,C2424,ground
703084,118205,AGT-1049,2026-05-24,21.48,C2501,ground
703780,111726,AGT-1151,2026-05-26,21.8,C2497,fertigation
703613,110824,AGT-1164,2026-05-27,0.57,C2492,aerial
701396,110063,AGT-1058,2026-05-29,30.96,C2435,ground
703006,110586,AGT-1085,2026-05-29,10.05,C2501,aerial
703490,111544,AGT-1133,2026-05-30,6.61,C2415,ground
700976,110494,AGT-1039,2026-05-31,21.21,C2470,ground
703434,111296,AGT-1085,2026-06-02,34.68,C2534,ground
700421,110402,AGT-1151,2026-06-03,33.23,C2468,aerial
703649,111071,AGT-1004,2026-06-03,15.63,C2502,fertigation
703710,111595,AGT-1133,2026-06-03,12.97,C2472,ground
700961,111288,AGT-1121,2026-06-04,24.04,C2401,ground
700049,110866,AGT-1033,2026-06-06,28.11,C2529,aerial
703346,111139,AGT-1133,2026-06-06,16.78,C2415,ground
701498,110425,AGT-1039,2026-06-09,3.23,C2427,ground
703725,110635,AGT-1004,2026-06-09,0.52,C2548,fertigation
702666,111102,AGT-1151,2026-06-10,15.91,C2494,ground
701139,111583,AGT-1189,2026-06-11,20.9,C2512,ground
703909,110238,AGT-1049,2026-06-11,21.22,C2512,ground
702952,111276,AGT-1024,2026-06-12,33.79,C2569,ground
700643,111032,AGT-1049,2026-06-13,29.47,C2542,aerial
702357,111486,AGT-1151,2026-06-14,6.37,C2522,ground
700306,111460,AGT-1168,2026-06-15,5.32,C2449,ground
701109,110553,AGT-1049,2026-06-15,36.18,C2489,ground
701154,111446,AGT-1164,2026-06-19,34.36,C2522,aerial
701178,110201,AGT-1133,2026-06-19,10.41,C2494,ground
701978,111273,AGT-1112,2026-06-19,25.53,C2492,ground
701691,111026,AGT-1168,2026-06-20,33.08,C2437,ground
700168,110129,AGT-1039,2026-06-21,37.76,C2424,ground
700466,111666,AGT-1164,2026-06-21,7.85,C2405,ground
703132,111684,AGT-1039,2026-06-21,1.71,C2501,fertigation
701753,110383,AGT-1085,2026-06-27,7.68,C2559,ground
702002,110380,AGT-1112,2026-06-27,19.8,C2512,fertigation
701453,110883,AGT-1151,2026-06-29,18.51,C2427,ground
701824,110786,AGT-1071,2026-06-29,10.32,C2524,aerial
