FARM_ID,PARTNER_ID,FARM_DESC,LAND1,REGIO,ZZSTAT,LOEVM,ZZEID,ERDAT
0002000638,0001000409,VANDERMEER EAST PLACE,US,IN,02,,6AEF0BD2-2186-4C9F-AB15-F8E89A1B64E6,2009-03-11
0002000034,0001000021,KOWALSKI LAKE SECTION,US,MN,02,,999E114D-70E3-4793-8BAF-090B88A69CD4,2017-07-04
0002000429,0001000231,XIONG NORTH SECTION,US,IL,02,,3DFBB2AD-03E6-4463-946F-F6922BCB7E3D,2010-09-30
0002000137,0001000074,MERRIWEATHER NEW RANCH,CA,AB,02,,8CA8A35E-798A-400C-AD89-6F9FBA259432,2022-12-20
0002000108,0001000060,BAXTER HOME PLACE,CA,MB,02,,E8A72960-FAD9-4215-949E-30DF3869012A,2023-01-09
0002000201,0001000106,GIRARD PRAIRIE SECTION,CA,ON,02,,E03FFC6E-5DD6-4B02-A311-22EE7B08D8F6,2019-12-03
0002000215,0001000116,RASMUSSEN CREEK HOMESTEAD,CA,AB,02,,BED14D60-9309-4096-9C6D-77E259A7BE94,2018-01-03
0002000377,0001000200,UNDERHILL LAKE GROUND,CA,MB,02,,88D86966-639E-442F-B184-85B31532746E,2015-10-09
0002000145,0001000079,BOUDREAU OLD SECTION,US,MO,02,,464024FE-BCAE-4B67-AF19-0CCC68F98B5F,2010-09-04
0002000530,0001000308,OKAFOR RIDGE HOMESTEAD,BR,PR,02,,C667B0E9-CE0C-489F-80FB-55E87155E833,2016-01-30
0002000584,0001000355,BOUDREAU LAKE GROUND,CA,MB,03,,C487BF32-63FF-42BE-85DB-4EAA9D7A3380,2023-10-12
0002000062,0001000036,BERGSTROM UPPER HOMESTEAD,CA,ON,02,,4157CF6C-7ABA-4E09-8450-53262F9B2A2A,2017-05-10
0002000654,0001000425,DIETRICH RIVER PLACE,US,ND,02,,CA564321-62AF-46C1-BE4A-10BC1C271274,2013-01-23
0002000453,0001000244,OKAFOR PRAIRIE SECTION,US,WI,02,,958447B5-E8AD-4FDE-AF72-DC33CED91D0C,2010-09-25
0002000499,0001000283,KERRIGAN HOME GROUND,US,IN,02,,6F3F3F0A-3098-4623-A768-3760578A7CC2,2010-01-06
0002000109,0001000060,BAXTER LAKE FARM,CA,MB,02,,C16D8734-74F9-4144-AC19-DB4E30D9718E,2024-04-19
0002000417,0001000224,CRENSHAW WEST GROUND,US,WI,02,,72F5CF66-D17A-4388-A5E9-9F47D4A0E463,2009-09-08
0002000211,0001000113,WHITAKER OLD GROUND,US,KS,02,,B334B0F7-5913-4282-9330-204A11C09045,2015-06-23
0002000161,0001000086,REYES LAKE GROUND,US,SD,02,,3B9E6559-D132-40A3-AD92-60A3E0D9874F,2014-07-16
0002000309,0001000164,HARTLEY WEST GROUND,US,IA,02,,4D2CFF10-0639-4D9F-9A85-1FF845C4DDDC,2016-07-12
0002000305,0001000161,PRESCOTT OLD QUARTER,US,WI,02,,316CCF49-3C24-446D-996B-F9A772C0BEF2,2011-06-19
0002000485,0001000269,XIONG WEST PLACE,US,OH,02,,EC83A932-4DDD-497F-BD8C-A59EF9F64422,2023-05-23
0002000415,0001000223,LOCKHART UPPER GROUND,US,KS,02,,1B787E0A-79D8-41E1-9F52-5E23D6CB94D6,2023-04-10
0002000174,0001000093,LOCKHART LAKE QUARTER,US,SD,02,,40BDBEB2-EF2D-419F-9025-BE870EF9A605,2012-03-05
0002000646,0001000417,EASTMAN NORTH GROUND,US,IN,02,,77306622-3BDB-4CF1-8964-4CFEC8543FF3,2019-09-14
0002000149,0001000081,MERRIWEATHER UPPER FARM,US,IL,02,,44FB6F4C-9E78-4F4C-8FC4-90E95EC5200E,2017-09-05
0002000382,0001000202,CRENSHAW PRAIRIE FARM,US,MO,02,,AA322ECD-2562-4410-8A0E-54824D4BA2C3,2020-12-29
0002000404,0001000216,MCALLISTER CREEK GROUND,US,MN,02,,2067FD50-FBF3-41D8-B391-268194E0580E,2017-10-02
0002000033,0001000020,CALLAHAN PRAIRIE FARM,CA,MB,02,,C4E5E0B4-41DE-4E11-95B8-DB328FB74D53,2015-04-06
0002000207,0001000110,RASMUSSEN HOME SECTION,CA,ON,02,,82D84211-C539-4DE3-9C42-D0086A89FDBC,2021-12-13
0002000358,0001000191,ZIEGLER UPPER FARM,US,NE,02,,EED3F56C-466E-48DF-8121-EC5FD41DEDDE,2012-03-03
0002000361,0001000192,WHITAKER UPPER PLACE,CA,MB,02,,9618D435-78F8-4E0C-8224-CD065C029548,2017-09-15
0002000378,0001000201,CASTELLANO UPPER FARM,CA,MB,02,,83912291-DA30-455E-BA91-964A483A67CF,2009-03-08
0002000462,0001000249,IVERSON VALLEY PLACE,US,SD,02,,D3401588-BCA8-498F-A37A-A2DE464D9C46,2016-02-13
0002000351,0001000187,HARTLEY CREEK HOMESTEAD,CA,SK,02,,60CEB63F-A16E-4B89-BF48-0A8C98EF0591,2014-01-29
0002000634,0001000405,DELACROIX CREEK GROUND,US,WI,02,,C4450280-4C63-476B-82F9-15B0FAF26F83,2015-01-25
0002000094,0001000052,BRENNER LAKE FARM,US,ND,02,,6A229119-8E7B-4B5A-B1C2-09A7D5454EB1,2009-06-27
0002000451,0001000242,WHITAKER VALLEY RANCH,US,ND,02,,334129C3-0824-48CF-9E12-2151D7486185,2015-03-15
0002000118,0001000064,DUVAL NEW RANCH,US,WI,02,,AD875E77-4A28-4087-A2A1-B2BE19353F49,2022-07-04
0002000200,0001000106,GIRARD PRAIRIE RANCH,CA,ON,02,,E67EA894-1E2B-454E-9BBB-5AF1FBFE1683,2010-07-20
0002000360,0001000192,WHITAKER LAKE SECTION,CA,MB,02,,B1B7326E-AD1B-46FC-887B-13B92C2D87CF,2021-04-24
0002000075,0001000043,IVERSON CREEK QUARTER,US,MO,02,,28361D82-DBAD-42F2-BB19-13ABCE47AD99,2024-07-30
0002000168,0001000089,DUVAL HOME GROUND,CA,AB,02,,1C2F2310-44F4-4E86-A6F4-3BD324338D62,2022-02-08
0002000446,0001000239,ASHWORTH OLD HOMESTEAD,US,MO,02,,DAE5A544-05C6-4261-BECF-B926C42BF0C3,2014-01-23
0002000496,0001000280,NORDIN LOWER PLACE,US,KS,02,,218D2395-9555-4E4C-A4D2-B684436DC581,2012-06-16
0002000284,0001000151,BERGSTROM HILLTOP GROUND,US,IA,02,,B0463C5B-DA94-46A0-B9EB-564DAFB08C7C,2017-07-10
0002000223,0001000120,DRUMMOND UPPER QUARTER,US,ND,02,,B57BE7E1-D17E-407A-A734-6538B2C845EE,2015-08-07
0002000515,0001000298,LINDQVIST RIVER PLACE,BR,MT,02,,85C9AC9E-5D55-429E-BF04-495BC6A105C1,2022-08-20
0002000129,0001000070,CRENSHAW NEW GROUND,US,WI,02,,0E3910B9-88CD-4F6C-96B4-F40830B27B6C,2013-03-01
0002000072,0001000041,KERRIGAN RIVER SECTION,US,SD,02,,9E5066FE-55F6-450D-B5EC-E1930CD0FC8B,2022-07-21
0002000345,0001000184,BAXTER LOWER FARM,US,IA,02,,670D430B-595A-49B7-8650-EEB5572FD7EB,2021-01-11
0002000213,0001000114,FERREIRA LOWER SECTION,US,NE,02,,2D224433-08A3-4A38-97EA-38E63E8F79BA,2019-11-06
0002000318,0001000169,JABLONSKI LAKE GROUND,US,IA,02,,3EA4E386-F68D-4768-8D89-EB98B19B460D,2021-10-08
0002000495,0001000279,NORDIN HILLTOP FARM,US,ND,02,,967190C1-D26A-4135-974A-B8E33ABCAD07,2023-06-07
0002000548,0001000319,RASMUSSEN RIDGE PLACE,BR,RS,02,,41B39E4F-5852-4219-AF75-F9653B9AD58A,2013-08-20
0002000367,0001000196,ALBRECHT HOME FARM,US,WI,02,,2EA06EE0-390C-4819-B257-D7E89B33C53D,2014-03-04
0002000564,0001000335,YANCEY CREEK GROUND,CA,AB,02,,7FE78C25-44D4-47FA-9A9A-C38005CAA609,2014-02-25
0002000604,0001000375,FALKNER CREEK QUARTER,US,SD,02,,F480E671-EB09-43A0-BE4F-71510CA43660,2019-06-11
0002000059,0001000034,DUVAL HOME PLACE,US,MN,02,,B6665A7E-CD2B-486B-B5EC-F7C65AEE81FB,2017-07-12
0002000386,0001000205,GIRARD VALLEY QUARTER,CA,AB,02,,E3C5FA7E-64CC-49FF-8911-5C5ED84CF589,2012-07-22
0002000278,0001000148,FALKNER EAST GROUND,CA,MB,02,,22706786-2122-4CF0-9A1E-7B89AFD5B163,2013-09-06
0002000547,0001000318,IVERSON NEW GROUND,BR,RS,02,,89D172D0-B927-40B2-8FBA-9DD14D9D2E5E,2009-06-13
0002000003,0001000003,BERGSTROM RIDGE RANCH,US,WI,02,,F9B9C304-52D9-4A1A-9FEB-2D166EA3271C,2014-08-23
0002000559,0001000330,QUANDT EAST GROUND,CA,AB,02,,4C86284D-C134-4E51-AE52-DAABD187760A,2010-05-04
0002000302,0001000159,REYES NEW QUARTER,US,IA,02,,A9001951-E1B1-4100-BEF2-8C9167FFB986,2022-08-18
0002000220,0001000118,IVANOV LOWER QUARTER,US,MN,02,,92D44EDA-4A29-4ADB-AC6F-18F0F7065709,2014-02-02
0002000539,0001000314,CRENSHAW NORTH FARM,BR,RS,02,,5BE87A30-ED7B-44F3-84D0-36D46D9015DB,2023-02-10
0002000492,0001000276,HUMMEL UPPER GROUND,CA,ON,02,,5C2D0A81-5D69-437F-BAAF-89420F6F6EC6,2011-01-23
0002000053,0001000032,WINTERS LOWER PLACE,US,MO,02,,4B58FE1D-36EA-46C4-B817-CDA4DF89ED8E,2021-06-22
0002000010,0001000007,TOLLEFSON HILLTOP SECTION,CA,AB,02,,AF99A9E3-82F0-42D1-8542-F8313C9A663B,2022-08-12
0002000443,0001000237,MARSH UPPER GROUND,CA,SK,02,,F6F4BD48-8C8D-48FA-BA19-45DADEF1C233,2011-11-22
0002000130,0001000070,CRENSHAW LAKE HOMESTEAD,US,WI,02,,8580A5E6-C5DB-4B7F-9063-D7B378088942,2011-03-11
0002000092,0001000051,CASTELLANO LOWER GROUND,US,MO,02,,6A94962A-B8A0-4054-901F-9DA3D4FD3CD1,2013-07-09
0002000209,0001000111,THOMPSON HOME SECTION,CA,MB,02,,69BEF239-4A2F-46B2-A6BF-C26124B2C16C,2010-02-16
0002000592,0001000363,IVERSON PRAIRIE GROUND,CA,SK,03,,B5C09987-1154-4A40-AD47-EA8832F7DFBA,2010-10-11
0002000258,0001000138,PEMBERTON LOWER HOMESTEAD,CA,MB,02,,726F4AA9-ED74-448D-AA3A-917A0E7AAC8C,2014-11-04
0002000098,0001000054,EASTMAN LAKE GROUND,US,WI,02,,6FB5A0C5-47BD-40E4-B189-C155144777FF,2024-12-04
0002000647,0001000418,IVERSON EAST GROUND,US,MN,02,,344CAE1E-DEFF-439B-B01E-9BE5A6FA9BDB,2019-02-08
0002000245,0001000132,PEMBERTON VALLEY PLACE,US,NE,02,,367A9749-0334-45B8-B21B-030053766469,2016-01-25
0002000128,0001000069,HOLLOWAY HILLTOP SECTION,US,MN,02,,55BDCB1D-930C-4BA2-A06B-EFA9327C8224,2022-09-18
0002000127,0001000069,HOLLOWAY HOME PLACE,US,MN,02,,239DD57E-99D1-49E6-A6B8-9C3B2D640C8A,2022-03-16
0002000526,0001000305,YANCEY EAST HOMESTEAD,BR,GO,02,,687AB644-4AE7-4595-950F-BB6269F8D6B9,2017-01-29
0002000460,0001000248,BAXTER WEST HOMESTEAD,US,IA,02,,8B0B66F4-1B4B-4488-9705-C085FE5AD5E0,2010-07-20
0002000418,0001000224,CRENSHAW VALLEY SECTION,US,WI,02,,FCE44885-7B42-4F56-A062-8448CADA90D8,2021-08-16
0002000055,0001000033,ASHWORTH HILLTOP HOMESTEAD,US,IN,02,,BD9216F2-0C32-42B8-BC01-9E7E3BE6065F,2014-11-16
0002000553,0001000324,HOLLOWAY SOUTH RANCH,US,IL,02,,82CE2EFA-A5DE-4232-9E4D-1F2F6F0A002F,2024-01-27
0002000560,0001000331,THOMPSON NEW HOMESTEAD,CA,AB,02,,AF78F978-7F84-45A7-9EE5-218548197430,2017-02-06
0002000650,0001000421,YODER SOUTH GROUND,US,MO,02,,739895D0-0E6E-4626-868B-4A3B5FD69A02,2011-11-19
0002000369,0001000197,WINTERS VALLEY HOMESTEAD,US,ND,02,,F40B7C1D-9B59-4F91-B41E-50827668C0E7,2020-07-18
0002000644,0001000415,HOLLOWAY RIDGE HOMESTEAD,US,KS,02,,28CAB878-92A0-4592-91AD-481ABE09D023,2013-06-15
0002000618,0001000389,ALBRECHT CREEK GROUND,US,OH,02,X,61F3794C-0D32-4CBA-9049-56A929B223F3,2010-05-27
0002000178,0001000095,LINDQVIST LAKE PLACE,CA,ON,02,,4F153991-79D5-4C50-8161-BC31D70672CC,2022-05-21
0002000529,0001000307,BAXTER VALLEY SECTION,BR,RS,02,,56259E26-35E7-45A5-8611-DE79F10D7A36,2016-08-02
0002000469,0001000253,THOMPSON LAKE SECTION,US,MN,02,,9D5F2636-8977-44EA-80AE-8A3B56362BC5,2011-10-01
0002000167,0001000089,DUVAL RIDGE RANCH,CA,AB,02,,56E5ED5C-D11B-4DB9-A053-050FF583C3E9,2014-04-23
0002000186,0001000098,EASTMAN RIVER GROUND,US,KS,02,,9F36A660-25ED-48CC-BC13-B29787DC0DB5,2013-02-04
0002000621,0001000392,MERRIWEATHER EAST SECTION,US,IL,02,X,4A138736-0200-4402-B31A-F5A1A392AA49,2010-04-02
0002000435,0001000233,MERRIWEATHER LOWER FARM,US,OH,02,,CF39F90C-806A-491F-B141-311F9233DC2B,2024-09-09
0002000316,0001000168,DRUMMOND NORTH SECTION,US,MN,02,,1D70708C-F567-476F-84E9-D90AEEA373F0,2023-12-22
0002000117,0001000064,DUVAL LAKE PLACE,US,WI,02,,47DED357-0824-4A60-8C61-DFC4539DBC3D,2024-05-19
0002000037,0001000023,VANDERMEER LOWER GROUND,CA,MB,02,,7C8A4821-DF9E-44D4-92A6-22BE8CE28D0F,2022-07-04
0002000267,0001000142,DIETRICH WEST PLACE,US,ND,02,,E8DD3339-969A-4072-8091-8C5BA4DB92E1,2020-07-19
0002000089,0001000049,MARSH VALLEY RANCH,CA,MB,02,,9205E804-C1B2-49B9-B932-3BD976F51067,2020-12-06
0002000477,0001000261,XIONG NORTH PLACE,US,MN,02,,37610786-3D20-4684-B385-9E5B75E07521,2011-10-10
0002000292,0001000155,NORDIN HILLTOP GROUND,CA,MB,02,,77BCEE12-0922-4857-B851-D88104BC9510,2021-10-10
0002000219,0001000118,IVANOV PRAIRIE GROUND,US,MN,02,,63B8A670-FB15-47BA-BE67-2A09A8772603,2017-01-25
0002000247,0001000133,PEMBERTON EAST QUARTER,US,MO,02,,9DDB644F-2BD2-43E1-B7E8-58BF0BD69EFC,2011-12-16
0002000008,0001000006,HUMMEL SOUTH GROUND,CA,MB,02,,A6D80F79-957B-4511-81BA-6C61F1253FBD,2019-07-19
0002000486,0001000270,BAXTER SOUTH SECTION,CA,MB,02,,87C8CDDB-008E-40C1-A249-1B9D30473424,2010-06-19
0002000362,0001000193,DUVAL CREEK GROUND,CA,MB,02,,F0019CE6-AFC0-4475-B279-F0E62595D380,2015-07-21
0002000586,0001000357,HUMMEL RIVER RANCH,CA,MB,03,,DB16A9D1-A3F7-4B33-A7C9-D5F5A65DC2FC,2012-09-22
0002000452,0001000243,FALKNER WEST HOMESTEAD,US,IL,02,,ECD71FAC-D9E8-4873-970E-4D969B0623EE,2011-04-17
0002000096,0001000053,TOLLEFSON NEW SECTION,US,WI,02,,389E931C-751A-4C4E-9035-65AEBF50B04B,2018-11-24
0002000082,0001000046,WINTERS SOUTH SECTION,US,MN,02,,3652969B-B704-44AF-B492-F0889B66B0E2,2010-08-07
0002000152,0001000082,LOCKHART PRAIRIE HOMESTEAD,US,IN,02,,ECFBFB70-AF6F-46DC-B6F0-2A2FF93B76F9,2017-01-22
0002000035,0001000022,OKAFOR LOWER PLACE,US,IL,02,,F13B83CA-8C3B-46F6-9807-B5248AFC1AA5,2023-06-29
0002000026,0001000015,BERGSTROM OLD HOMESTEAD,US,MN,02,,0C3D09D9-B6DB-4FC2-86B0-B898F11D0D00,2021-12-01
0002000541,0001000315,LOCKHART NORTH RANCH,BR,GO,02,,DAB2CA7D-735A-4F50-AB2E-A8599BE31A2D,2017-01-18
0002000532,0001000309,CALLAHAN VALLEY SECTION,BR,MT,02,,9A0C895B-ECE3-4D64-88DF-4DE1EC46250B,2012-10-10
0002000165,0001000088,GIRARD EAST QUARTER,CA,SK,02,,5ACBFA19-68C8-4069-B51C-C5EFF9DE7406,2016-03-31
0002000444,0001000238,QUANDT VALLEY SECTION,US,MO,02,,ACCB9E3F-DDD5-49C9-A597-D47735AEDBC8,2021-11-14
0002000139,0001000075,BRENNER HOME HOMESTEAD,CA,SK,02,,03440BBE-8D68-4E33-967B-9ED7DF94FDEC,2014-01-06
0002000299,0001000157,STEINER CREEK GROUND,CA,AB,02,,8C34C96A-ABBC-4EBE-835D-FA9BF203626B,2019-01-08
0002000623,0001000394,BOUDREAU NORTH FARM,US,IA,02,X,18C79756-7D39-4BCC-ABBF-6A15F2C9CAAC,2012-12-14
0002000322,0001000171,STEINER PRAIRIE FARM,US,NE,02,,F84ED549-7A28-4706-B589-4A822A10C5C4,2024-09-24
0002000622,0001000393,MERRIWEATHER PRAIRIE FARM,US,IA,02,X,EBF1C89E-29B4-4C92-8980-3E4F9BA2377B,2017-08-10
0002000476,0001000260,STEINER HILLTOP FARM,CA,SK,02,,E4EB9F79-727D-420F-AA04-9A5B795C49D9,2022-04-17
0002000303,0001000160,RASMUSSEN RIDGE PLACE,US,MO,02,,FAFC6D29-7E3B-4FDA-89E1-ED9DFCE6DE3C,2023-07-24
0002000058,0001000034,DUVAL RIVER GROUND,US,MN,02,,8072512B-1AB0-413D-B5E8-213214223F4F,2018-07-03
0002000614,0001000385,HARTLEY PRAIRIE PLACE,US,IN,02,,C31CFF06-0104-4963-B6D5-8BE25ADBFBD2,2019-09-14
0002000315,0001000168,DRUMMOND RIVER QUARTER,US,MN,02,,66063C37-DAAC-40D0-8B31-1200BEFF05E5,2012-03-06
0002000153,0001000082,LOCKHART SOUTH SECTION,US,IN,02,,7AE7A2EB-9794-40B4-B805-DF62BE9724CB,2022-11-27
0002000543,0001000316,YODER SOUTH GROUND,BR,GO,02,,154C3033-50CC-4D41-81EF-ACB28C80EF11,2021-01-29
0002000101,0001000055,DIETRICH RIVER GROUND,US,OH,02,,703FA83B-4A15-4120-B50B-0260BFACCEA6,2013-11-26
0002000498,0001000282,MARSH HOME PLACE,US,NE,02,,745865F8-1890-4852-A8FC-9F1EDBE0AF19,2020-08-10
0002000466,0001000252,YODER UPPER QUARTER,CA,ON,02,,26CA86C9-9F58-4E8F-969E-C19D56E106FF,2014-07-24
0002000063,0001000036,BERGSTROM LAKE FARM,CA,ON,02,,60261DE3-FDF5-43F6-85EB-FEB9C4B624D9,2012-08-07
0002000077,0001000044,LOCKHART LAKE RANCH,CA,AB,02,,6F8E802A-CF0F-41DE-B2F3-B74B78CC75A3,2015-12-02
0002000608,0001000379,MERRIWEATHER NEW HOMESTEAD,US,IA,02,,B826585D-1C9D-4E1C-9AF7-796DC4732572,2013-03-24
0002000514,0001000297,NORDIN LOWER RANCH,BR,RS,02,,FFE59CBA-A1D6-41DC-8553-0CCD7317BA06,2010-01-15
0002000534,0001000310,NORDIN RIDGE PLACE,BR,RS,02,,693AFDBC-AA3C-4A00-8D06-4FF42D46F256,2011-11-21
0002000106,0001000059,DUVAL UPPER QUARTER,US,ND,02,,DBF6B58E-9520-46D6-A776-653948B1CC73,2014-06-08
0002000603,0001000374,LINDQVIST HOME FARM,US,IN,02,,E7A82DB5-47BB-4877-9A72-77E9B7E7E556,2009-02-10
0002000282,0001000150,JABLONSKI VALLEY SECTION,US,IN,02,,7FD8F1BA-4146-4543-988B-BA6E712AA9C4,2011-03-10
0002000433,0001000233,MERRIWEATHER HILLTOP GROUND,US,OH,02,,7934D169-8699-4779-BE4F-785D142AA182,2018-05-24
0002000160,0001000086,REYES EAST GROUND,US,SD,02,,6FE77668-17CA-45D0-924F-83CBF8814389,2018-06-08
0002000015,0001000010,IVERSON RIVER GROUND,US,NE,02,,9B487167-3618-48A2-9AFF-AEB313D4BE26,2016-08-20
0002000421,0001000226,HOLLOWAY VALLEY FARM,US,IL,02,,9E16E549-DC77-4359-AC74-30DE4033CBAE,2023-10-06
0002000633,0001000404,STEINER HOME FARM,CA,SK,02,,BDD53F87-97F7-495E-80AF-620C6AC27D3F,2013-02-23
0002000563,0001000334,UNDERHILL PRAIRIE FARM,US,SD,02,,7357FF3E-DC2C-42B7-8DC7-7D47E465D006,2022-10-25
0002000425,0001000228,ZIEGLER EAST RANCH,CA,ON,02,,836F165F-18C7-4283-AD5D-957CA517DC8E,2017-05-27
0002000424,0001000227,VANDERMEER LOWER QUARTER,US,ND,02,,1B096FD9-AB7C-4CE4-B54D-091C2E295557,2021-10-03
0002000069,0001000038,WHITAKER NORTH HOMESTEAD,US,OH,02,,868F9527-B7D5-4B9B-9380-B5D36548ECD6,2023-03-07
0002000131,0001000071,EASTMAN VALLEY HOMESTEAD,CA,MB,02,,5A6B4B92-C174-4EA5-8DE4-8EF0A3CC6B3C,2020-03-06
0002000456,0001000246,MCALLISTER OLD PLACE,CA,SK,02,,8B7E8458-ED4E-4904-9235-5B6BBDE99CA9,2023-07-11
0002000423,0001000226,HOLLOWAY NORTH QUARTER,US,IL,02,,7C467F00-474A-48AE-A769-8F58A53E75D0,2014-02-23
0002000275,0001000147,NOVAK SOUTH SECTION,US,MO,02,,9E2F7973-D99C-4E7D-A460-07868E080C64,2023-06-10
0002000573,0001000344,ASHWORTH HOME GROUND,US,NE,02,,E6A1C461-1F95-4122-A09B-49AF8922677F,2009-05-19
0002000402,0001000215,FALKNER CREEK HOMESTEAD,US,SD,02,,F4620697-754B-4DD4-A465-0C4A93A269C0,2009-10-18
0002000104,0001000057,REYES NORTH QUARTER,US,OH,02,,1E010411-09C0-4152-ABF1-AECCD17DD927,2012-11-16
0002000124,0001000067,FERREIRA LOWER RANCH,US,SD,02,,87EFFA49-7AE2-4284-AC1A-6ACC5CD89416,2009-12-13
0002000017,0001000011,KOWALSKI PRAIRIE PLACE,US,ND,02,,4456A691-003D-4268-AA03-D5471E8ACB81,2020-04-20
0002000384,0001000204,GIRARD PRAIRIE QUARTER,US,IL,02,,D3986E39-13EF-46F6-9C92-7C725F5B2732,2020-12-20
0002000163,0001000087,MARSH EAST SECTION,US,NE,02,,DBF33D39-328E-4582-9F10-59A3DB941177,2021-06-30
0002000471,0001000255,BOUDREAU OLD SECTION,US,MO,02,,811450FC-C5EB-46BE-A209-5DEE905AB4B5,2014-07-18
0002000171,0001000091,TOLLEFSON UPPER SECTION,CA,MB,02,,3B62067A-A0DA-4EF2-9B5A-281DE831B330,2012-06-21
0002000419,0001000225,IVERSON LOWER SECTION,CA,ON,02,,93EB2FAD-7F52-47C9-9688-7F91B30E685A,2022-01-30
0002000612,0001000383,KERRIGAN RIDGE GROUND,US,IN,02,,8116D128-B537-47B7-83DF-2C35610FB6AC,2014-02-14
0002000568,0001000339,BRENNER SOUTH SECTION,US,ND,02,,364BEDC2-4EC3-4C13-B2D1-64AB4254A85D,2014-06-20
0002000004,0001000004,ASHWORTH LOWER RANCH,US,ND,02,,A8FA86E5-D5AB-40EF-9456-8C1AFD099F94,2016-01-17
0002000632,0001000403,BOUDREAU PRAIRIE RANCH,CA,MB,02,,1E6F520F-13B7-40C3-B720-7FD6A6AB8EE0,2011-08-20
0002000556,0001000327,YODER SOUTH HOMESTEAD,US,SD,02,,6B336D71-E2DC-49D5-81D7-389AF3FDF053,2017-05-22
0002000649,0001000420,DIETRICH HILLTOP PLACE,US,MN,02,,390AFBEF-630B-4648-8A81-AF5358E52DF0,2023-09-06
0002000306,0001000161,PRESCOTT HILLTOP FARM,US,WI,02,,A5802297-0427-4A93-A300-B05297F2C8CB,2017-11-24
0002000038,0001000023,VANDERMEER HOME PLACE,CA,MB,02,,B0C05728-AAC9-4392-AA14-B3C70E7BD3E3,2022-07-02
0002000119,0001000064,DUVAL LAKE SECTION,US,WI,02,,AC653D55-5EE9-497D-A1F8-4493DBB80364,2022-10-23
0002000349,0001000186,CALLAHAN SOUTH PLACE,CA,ON,02,,31641CE1-94E2-4B39-947A-D0325900C208,2014-03-22
0002000071,0001000040,YANCEY LOWER HOMESTEAD,US,IA,02,,AD6E0961-F1F2-46E2-9A30-4F47B0B98D3B,2020-05-18
0002000140,0001000076,MCALLISTER RIDGE QUARTER,US,IA,02,,1F461703-2CF0-43A6-A701-CE426A01CC8A,2015-02-09
0002000151,0001000082,LOCKHART UPPER GROUND,US,IN,02,,B73304C0-1EF9-4696-9483-FA77C1E09B8C,2021-10-22
0002000521,0001000301,KOWALSKI UPPER HOMESTEAD,BR,MT,02,,2788E2F7-4668-4397-8948-02CE1302190F,2022-01-31
0002000613,0001000384,FERREIRA VALLEY QUARTER,US,OH,02,,99B0A89C-02D6-4D7C-843A-507C7A3394C1,2010-06-16
0002000392,0001000209,BRENNER HOME GROUND,US,ND,02,,E9079F59-421C-4C5F-9BED-59D3EC85E874,2014-08-09
0002000301,0001000159,REYES RIDGE SECTION,US,IA,02,,8AF88275-CEE3-4D95-9862-CCAC9A8EAC23,2013-07-08
0002000376,0001000200,UNDERHILL WEST GROUND,CA,MB,02,,B6222F46-F7A5-4A25-A422-6BCC947F4230,2019-07-28
0002000381,0001000202,CRENSHAW HILLTOP SECTION,US,MO,02,,D133D49F-F039-417D-9BAF-2266AD3D72C1,2017-12-31
0002000310,0001000164,HARTLEY UPPER RANCH,US,IA,02,,CBFFA57E-847F-43BE-B0AD-1FFD94F5981A,2010-01-07
0002000558,0001000329,EASTMAN RIVER PLACE,US,OH,02,,D14B65D6-46AB-49E7-B21B-A29F832E3951,2017-03-15
0002000228,0001000123,CALLAHAN LAKE QUARTER,US,IA,02,,B09F3488-28AE-4D2F-9F3F-3755AD3CFCC1,2018-05-31
0002000324,0001000172,CASTELLANO OLD SECTION,CA,ON,02,,D5CC2A06-1DBA-4A47-8248-4F1819605978,2021-05-25
0002000413,0001000222,VANDERMEER LOWER GROUND,US,WI,02,,3299C9FA-068F-41F4-8CEB-BF57A1A2EA69,2019-05-03
0002000323,0001000171,STEINER LOWER FARM,US,NE,02,,48D9B092-A7EE-45BE-BAE5-669EFB047A01,2018-04-30
0002000057,0001000034,DUVAL HOME FARM,US,MN,02,,44F1CFA9-16B3-41E4-9A2F-E50BA754F6B1,2013-11-24
0002000240,0001000128,HUMMEL HILLTOP HOMESTEAD,US,MN,02,,9E40CFB9-95E4-41F7-95F7-27DE402B627F,2009-08-26
0002000598,0001000369,FERREIRA RIDGE PLACE,US,NE,03,,A347AA2A-473B-49C1-9EC6-A2EBE09F16DF,2014-05-27
0002000527,0001000306,QUANDT LOWER FARM,BR,MT,02,,557F5387-4419-486D-951C-63704D42E3F8,2010-12-17
0002000347,0001000185,KOWALSKI OLD HOMESTEAD,CA,SK,02,,75F498E7-BB23-4D66-A076-BAE646468B9A,2024-04-07
0002000236,0001000127,WINTERS NEW QUARTER,US,ND,02,,ED8D5D4D-5AA0-41E3-8221-38997198CFD8,2023-02-14
0002000188,0001000099,BAXTER LAKE SECTION,CA,AB,02,,4A089CF4-561E-4189-81E3-F6A0F4A76BAD,2014-03-30
0002000431,0001000232,ALBRECHT UPPER GROUND,US,IL,02,,C3063487-FCC8-4F45-9770-9A9B1433CD96,2013-07-24
0002000268,0001000143,DELACROIX OLD GROUND,US,SD,02,,5F84E361-7774-4B7D-AD1C-4EC56F3F186C,2010-05-18
0002000501,0001000285,UNDERHILL CREEK GROUND,CA,MB,02,,C7E23F9E-4714-447F-A95F-99D5F6ABA9A2,2021-10-28
0002000195,0001000103,CALLAHAN UPPER RANCH,US,IL,02,,C1604F7E-6362-4988-BB33-6AE8F05B3CB0,2021-01-06
0002000583,0001000354,YODER NEW SECTION,US,MN,01,,6A8496B9-2C6C-42FA-ACE7-7E0C010EC876,2017-05-11
0002000273,0001000145,CALLAHAN RIDGE HOMESTEAD,US,WI,02,,1C4EFF85-6F65-4858-A2B6-974DEA835EF7,2020-07-16
0002000036,0001000022,OKAFOR WEST RANCH,US,IL,02,,F51E4802-D5D9-4669-A6D9-2810C9D48943,2018-04-08
0002000549,0001000320,RASMUSSEN WEST SECTION,BR,RS,02,,1006B80D-6B8E-4359-95F5-2DA76B8B5629,2011-02-16
0002000554,0001000325,EASTMAN UPPER PLACE,US,MN,02,,985474A4-4554-4857-89EA-8AB0E903775E,2015-06-08
0002000491,0001000275,LOCKHART EAST QUARTER,US,WI,02,,2593A274-259E-43EC-8F1E-499794CD97DF,2009-06-27
0002000039,0001000024,MERRIWEATHER RIVER SECTION,US,IA,02,,779EC36F-5B3C-4C05-AA20-29C0EC0DE3C4,2020-03-16
0002000286,0001000152,HUMMEL VALLEY GROUND,CA,AB,02,,58D5EC26-EBDC-4AFD-9007-F815A75A43DE,2010-05-20
0002000257,0001000137,JABLONSKI CREEK SECTION,US,SD,02,,A61C0DB6-0DF5-4D31-898A-9A1471040E16,2021-11-12
0002000610,0001000381,EASTMAN WEST HOMESTEAD,US,OH,02,,BE72022D-31A2-4D59-AED9-FCF2028469AA,2019-01-10
0002000177,0001000094,QUANDT RIDGE HOMESTEAD,US,NE,02,,41FA57BD-8388-4D5E-9F08-4030A401F620,2014-03-15
0002000517,0001000299,OBERLIN SOUTH RANCH,BR,RS,02,,D757F7DF-5F9D-4169-B54B-FA86D74FD3E7,2020-06-26
0002000176,0001000094,QUANDT CREEK SECTION,US,NE,02,,2F5EFA7E-D0DF-4F2C-9F0E-3DDA16F5B118,2021-07-31
0002000550,0001000321,QUANDT HILLTOP SECTION,US,NE,02,,5D577ACF-1F5E-420C-811D-C29DEEA6E595,2023-10-29
0002000395,0001000211,DRUMMOND OLD SECTION,US,MN,02,,FAE07514-0DC1-4EC5-9DF0-0EA74487996C,2013-10-28
0002000588,0001000359,HARTLEY PRAIRIE SECTION,US,MN,03,,8A9C958B-2348-48B0-8268-9F3790FDEC60,2010-02-15
0002000399,0001000214,ALBRECHT WEST FARM,US,WI,02,,99026443-EF40-4ECB-9314-7619BB1F47EE,2011-01-23
0002000091,0001000050,BAXTER UPPER RANCH,US,KS,02,,EF42F9AD-899F-4C9D-9E46-F5469D847360,2017-08-08
0002000520,0001000301,KOWALSKI WEST PLACE,BR,MT,02,,1E4F6DBF-56B8-4967-91B5-751E0B825197,2022-09-03
0002000264,0001000141,FALKNER HILLTOP SECTION,CA,MB,02,,20397BD6-4EAF-48E3-9DE2-431AA0729B1B,2019-07-18
0002000046,0001000028,DELACROIX UPPER RANCH,US,WI,02,,3F2B796E-A6D0-4759-87B3-E4A0895AF50D,2014-10-16
0002000607,0001000378,DELACROIX UPPER GROUND,CA,ON,02,,106A0DE4-E66F-4070-99D1-B5D3AB8610E4,2012-12-04
0002000088,0001000049,MARSH SOUTH RANCH,CA,MB,02,,0C14F192-BC10-4BEC-98D2-E59B65CD5AC6,2015-01-14
0002000312,0001000166,CASTELLANO NEW GROUND,CA,ON,02,,129048EE-AB9B-4E39-9AE1-CB0550212465,2020-08-21
0002000639,0001000410,YODER CREEK PLACE,US,OH,02,,553B227E-544F-428F-A929-C71F90E9F8F4,2016-03-24
0002000093,0001000051,CASTELLANO SOUTH GROUND,US,MO,02,,E3B7D3B8-7ADC-4A5E-9ACE-F344934F0660,2019-12-22
0002000493,0001000277,LINDQVIST HOME HOMESTEAD,US,MN,02,,656B212A-2DE2-488D-B7E0-32CCC6A15BBC,2018-03-10
0002000409,0001000219,ALBRECHT VALLEY RANCH,US,KS,02,,D0260C60-50E7-4EB4-82DF-6BFEDE2AA5E6,2019-10-24
0002000251,0001000134,HUMMEL HOME RANCH,US,KS,02,,4971A709-D999-4A46-A179-13846DDADD43,2019-05-13
0002000229,0001000123,CALLAHAN RIDGE SECTION,US,IA,02,,02F19355-26BE-48B9-B702-B077043991F3,2011-01-22
0002000043,0001000026,HARTLEY NEW FARM,US,IL,02,,E0F5F719-BF46-4A87-8AC8-CF161E59A536,2016-02-10
0002000048,0001000029,JABLONSKI VALLEY RANCH,US,IA,02,,01E3CB55-B48F-41B1-9450-8D42F94AEED4,2015-01-10
0002000405,0001000216,MCALLISTER HOME HOMESTEAD,US,MN,02,,1C37D269-FD72-4DC4-8FF2-D274B72DAD7B,2013-10-21
0002000602,0001000373,ZIEGLER HOME GROUND,CA,ON,02,,59B95B67-E6C4-45C6-A494-6940C2BED583,2023-04-17
0002000107,0001000059,DUVAL LOWER PLACE,US,ND,02,,73BD800A-AEEF-4FE3-82D2-FD572FDFA068,2012-01-09
0002000502,0001000286,WHITAKER UPPER QUARTER,US,ND,02,,CCA5AD94-4717-4FC6-AC1F-AF05BF00910D,2024-10-05
0002000083,0001000047,QUANDT EAST SECTION,CA,ON,02,,50A2E875-6231-47C1-B32A-CF694ED17149,2019-03-26
0002000328,0001000175,EASTMAN RIDGE SECTION,US,ND,02,,2814E406-28E2-4F50-B1F9-9F00FBC40D16,2019-09-28
0002000411,0001000220,TOLLEFSON WEST PLACE,US,KS,02,,BFB87DD5-3761-43E6-B9CC-F69EAE1D6762,2012-11-29
0002000605,0001000376,LINDQVIST VALLEY FARM,CA,ON,02,,CAE3C506-09AB-426F-B1D4-7B8972A4FDC8,2024-09-02
0002000507,0001000291,HUMMEL CREEK SECTION,CA,AB,02,,8588251F-CFCA-45B3-9B77-8A947847A301,2011-06-27
0002000653,0001000424,MCALLISTER SOUTH PLACE,US,OH,02,,5E40649D-1A81-4BBD-9BF4-F6086DDEF3A2,2010-12-05
0002000087,0001000049,MARSH RIDGE HOMESTEAD,CA,MB,02,,D9F9C6EB-032E-467D-9FAE-3F0A58282A45,2022-03-31
0002000364,0001000194,WINTERS RIDGE SECTION,US,ND,02,,4A9275BD-C4F3-4FDB-AEE4-3B1BDD3351B7,2013-05-22
0002000512,0001000295,MCALLISTER VALLEY GROUND,BR,PR,02,,9D6EEE5D-1AEF-40A3-9082-E3ECCCD671E3,2017-01-23
0002000637,0001000408,YODER EAST GROUND,US,IN,02,,1A5E3E73-ED2E-4467-B533-D95E9D1DFF0F,2012-12-22
0002001987,0001004523,HARTLEY NORTH FARM,US,IA,02,,77B3C6D8-8E10-49A4-9F2B-3F4A1C9D20E6,2012-02-11
0002000445,0001000239,ASHWORTH NEW GROUND,US,MO,02,,68B7F243-B6D6-4B5C-A94F-7982F8D12219,2015-10-09
0002000143,0001000077,WHITAKER SOUTH HOMESTEAD,US,IL,02,,8C73677E-DA95-40D6-A8EE-152A3D89D43A,2010-08-16
0002000538,0001000313,UNDERHILL LAKE SECTION,BR,RS,02,,87DBE98B-EB57-4AF3-912A-7466B981C142,2018-09-07
0002000490,0001000274,THOMPSON NEW HOMESTEAD,CA,AB,02,,E08B825C-909B-4A5D-83B4-1207F1627068,2012-01-29
0002000330,0001000177,BERGSTROM PRAIRIE SECTION,US,NE,02,,045806C5-9BA3-4349-9B45-4BC49076ECD8,2015-01-13
0002000574,0001000345,RASMUSSEN LOWER QUARTER,US,IA,02,,0748224B-CEF8-49E4-80D6-E452075F33FC,2013-12-15
0002000114,0001000063,HUMMEL HILLTOP PLACE,CA,AB,02,,B976F309-34BD-4906-A29B-86521A1A3626,2010-01-10
0002000655,0001000426,IVANOV VALLEY SECTION,US,OH,02,,3099124E-59BB-4EC1-9749-4AA18A8A0C03,2022-11-28
0002000414,0001000222,VANDERMEER PRAIRIE GROUND,US,WI,02,,FBF5CFEC-3702-4CF9-BEB7-3E570C02AB38,2011-08-22
0002000359,0001000191,ZIEGLER RIDGE GROUND,US,NE,02,,F309B597-B66D-4CFF-A82D-5E2AA3B1EA6B,2018-10-10
0002000619,0001000390,EASTMAN EAST QUARTER,US,NE,02,X,832A9F89-CC44-4DFA-A420-A90EB96B40D6,2015-10-03
0002000155,0001000083,BRENNER LOWER SECTION,CA,SK,02,,5980F64F-BF89-4CCF-9DB8-BEEE9424D1ED,2018-01-11
0002000172,0001000092,OBERLIN RIVER RANCH,US,ND,02,,6FC5C252-787B-4637-B6E8-BF7C12740C6B,2014-05-31
0002000141,0001000076,MCALLISTER CREEK PLACE,US,IA,02,,FF443C6F-B92B-45AB-A7A4-941FADAB86B7,2019-10-14
0002000028,0001000017,JABLONSKI VALLEY FARM,US,MO,02,,BAEC95EC-6D36-4663-BCDF-F3A3B9AE96B8,2009-12-17
0002000248,0001000133,PEMBERTON LOWER RANCH,US,MO,02,,FA104A11-49D3-4D5A-BFFA-D3AF07D2694D,2015-02-18
0002000162,0001000086,REYES NEW SECTION,US,SD,02,,28040F6C-5895-4A0C-82D7-470FDCD3E270,2014-01-19
0002000448,0001000241,DRUMMOND UPPER HOMESTEAD,US,MN,02,,ED339729-6641-4C4C-A8C1-94EEF628D081,2023-06-26
0002000627,0001000398,OBERLIN HOME QUARTER,US,KS,03,,5383FC32-8EAB-4CE7-9B48-1BC9A6638B5E,2010-11-27
0002000027,0001000016,NOVAK SOUTH QUARTER,US,IN,02,,17A0C815-D2BE-4E59-9E0A-C20C1D3A78E1,2023-03-22
0002000276,0001000147,NOVAK RIDGE SECTION,US,MO,02,,054B62AB-1B52-438B-93A8-F247AE256B17,2013-02-13
0002000643,0001000414,DELACROIX HILLTOP HOMESTEAD,US,SD,02,,56C2B845-CF6E-491B-AE60-AEC8D5A8F016,2023-01-20
0002000366,0001000196,ALBRECHT HOME GROUND,US,WI,02,,44E790F0-385D-420A-8DEA-CDA4312B4651,2021-10-24
0002000021,0001000013,JABLONSKI SOUTH SECTION,CA,AB,02,,4970F8DE-7D47-4260-B4FB-3CDF24142D93,2016-06-06
0002000338,0001000181,VANDERMEER OLD HOMESTEAD,US,WI,02,,3D9F1CA3-49D8-4313-B326-7B781499B540,2009-03-31
0002000410,0001000220,TOLLEFSON NEW PLACE,US,KS,02,,8165688D-E9A0-459C-8DCB-32D6CB7B8647,2022-12-08
0002000562,0001000333,WHITAKER NORTH FARM,US,IL,02,,E9A86848-A729-4FD2-A7B3-E83390F1B564,2011-10-03
0002000198,0001000104,OKAFOR SOUTH RANCH,US,OH,02,,7605EDEA-86C0-4764-B351-C0868A2152CD,2021-06-25
0002000437,0001000234,DELACROIX RIVER GROUND,CA,ON,02,,A0634422-4840-47DD-B7A3-C8E89C2BDA43,2010-08-07
0002000297,0001000157,STEINER WEST SECTION,CA,AB,02,,F4BD5ED3-2C08-40AA-BB28-4865E40A2B0D,2024-08-01
0002000620,0001000391,GIRARD NEW HOMESTEAD,US,NE,02,X,9141722F-BF63-428B-8494-0556DBF6B067,2019-03-31
0002000175,0001000093,LOCKHART NORTH PLACE,US,SD,02,,BB9AE62F-4235-450F-BF2F-D7008FE6A128,2015-07-30
0002000473,0001000257,ASHWORTH SOUTH HOMESTEAD,US,MN,02,,EE49FE4C-0091-4E81-8B12-D4A37B9FCEA0,2022-08-12
0002000420,0001000225,IVERSON NEW GROUND,CA,ON,02,,45A62A83-2059-42DB-ACC5-1CD56334B5B3,2023-11-10
0002000407,0001000218,CRENSHAW HILLTOP SECTION,US,IN,02,,E6DAA66E-2103-47A7-B666-11E969FADDFC,2015-07-14
0002000179,0001000096,BERGSTROM SOUTH FARM,US,ND,02,,762E3A24-582A-4889-A423-01C6DA75BC0B,2009-11-06
0002000060,0001000035,CASTELLANO LAKE GROUND,US,NE,02,,5813502E-38FA-412E-9724-5FEB58933436,2023-03-10
0002000440,0001000236,EASTMAN HILLTOP GROUND,US,WI,02,,59E7DD18-BBB7-43FA-9041-48A63BFCF2CC,2009-11-08
0002000406,0001000217,YODER RIVER PLACE,CA,ON,02,,D71DCE4F-472A-45B7-B827-05D0515F85D9,2013-07-22
0002000428,0001000230,LOCKHART LAKE PLACE,US,WI,02,,D982D710-D2E8-460A-B52A-560EC26C6103,2014-09-25
0002000115,0001000063,HUMMEL OLD PLACE,CA,AB,02,,F43C06E2-EB1C-4C4A-B373-854757CCFDC0,2024-05-11
0002000606,0001000377,UNDERHILL PRAIRIE RANCH,US,ND,02,,3F6120F4-6C03-44A5-9F1E-49802D177B20,2011-07-13
0002000591,0001000362,NOVAK LOWER FARM,US,IN,03,,9E17B7CF-FE18-49E5-862E-0946184C2127,2014-02-24
0002000225,0001000121,DELACROIX LAKE PLACE,US,IL,02,,1E559301-CE05-4D4C-9194-167DD7A3376E,2024-11-16
0002000285,0001000152,HUMMEL NEW FARM,CA,AB,02,,EBA361A1-5F3F-4B19-AFAD-5FE830CDE872,2024-11-27
0002000545,0001000317,UNDERHILL RIDGE RANCH,BR,RS,02,,B2555795-AE35-4490-ABAD-1AF6A39FD5F9,2017-05-03
0002000146,0001000079,BOUDREAU LAKE FARM,US,MO,02,,01E41A31-6DA6-4DB2-831B-902A8D336FA6,2014-07-19
0002000494,0001000278,ASHWORTH RIDGE PLACE,US,MN,02,,1750B932-7986-444A-9D81-0EDB3AB09027,2019-08-10
0002000524,0001000304,THOMPSON EAST FARM,BR,RS,02,,0C8A7E0C-C38D-4B66-8D4F-8C244100A2AA,2017-02-18
0002000192,0001000101,VANDERMEER HOME HOMESTEAD,US,NE,02,,CCD515CC-29B2-41F9-9C4D-BB649F477A22,2020-07-30
0002000041,0001000025,RASMUSSEN OLD RANCH,US,SD,02,,1D839B29-9687-4314-A6E0-EF9C955A08D5,2022-02-04
0002000572,0001000343,VANDERMEER RIDGE RANCH,CA,SK,02,,2FFCEF87-A5C6-4DFD-A984-31CDEF9ABCCC,2010-10-04
0002000260,0001000138,PEMBERTON RIDGE FARM,CA,MB,02,,EC37AB5D-61EC-40A0-A7A0-519E7EC340ED,2019-11-23
0002000480,0001000264,JABLONSKI PRAIRIE GROUND,US,SD,02,,18802812-4EAA-4AE0-BE55-2712CB5EB3E3,2011-02-11
0002000269,0001000144,TOLLEFSON OLD GROUND,CA,MB,02,,6CBA487E-2D5D-4F27-BBD5-1C6608E5EA83,2017-03-11
0002000067,0001000037,PRESCOTT RIVER QUARTER,US,NE,02,,9B183FA8-7234-4460-B3D1-E1E5C83E2C54,2011-12-22
0002000307,0001000162,WINTERS HILLTOP HOMESTEAD,US,MN,02,,5453A78E-7988-4AD1-B5AA-42934FB2DEE5,2014-09-16
0002000295,0001000156,MARSH WEST SECTION,CA,ON,02,,EAD7FD0F-797F-4D93-8E56-2CD4576FCBB3,2022-11-07
0002000475,0001000259,BOUDREAU SOUTH RANCH,US,KS,02,,F145A32C-05CB-4B91-8AC1-257881386283,2011-02-18
0002000488,0001000272,XIONG LOWER GROUND,US,IA,02,,605BBB77-17AA-4ADF-96DA-A678AD8F7C40,2022-06-12
0002000472,0001000256,CALLAHAN NORTH QUARTER,US,KS,02,,5825AD78-9472-4E49-A0CA-EC749A21D45D,2010-06-16
0002000576,0001000347,JABLONSKI RIDGE PLACE,US,KS,02,,18DFA95B-6EDD-4DD0-8D4A-49C62CB2F23A,2010-11-04
0002000293,0001000155,NORDIN WEST GROUND,CA,MB,02,,7C5A8689-6459-4A7B-A296-6A6932ED3FAD,2017-09-16
0002000081,0001000046,WINTERS SOUTH RANCH,US,MN,02,,B8856E7E-0E5F-4FFC-8A96-D4F93EFE02CB,2012-01-13
0002000291,0001000154,NOVAK RIDGE SECTION,CA,SK,02,,EAB9E00D-1B45-45AC-8662-27872172D126,2021-07-20
0002000263,0001000140,YODER OLD FARM,US,KS,02,,DB88D6BD-31B3-401F-8473-51361A8CF201,2012-03-30
0002000122,0001000066,STEINER WEST FARM,US,IA,02,,620AA956-D416-45FD-833D-9B1699CA5A94,2023-04-29
0002000271,0001000145,CALLAHAN WEST SECTION,US,WI,02,,753B3B2E-F457-48B1-B7D8-114C1FD7E852,2023-02-03
0002000595,0001000366,XIONG HOME GROUND,US,WI,03,,5D52AFEA-28C3-4461-8DF9-FF8D2BFA4FD9,2024-06-30
0002000427,0001000229,MCALLISTER EAST GROUND,US,SD,02,,6EA93960-3516-4340-8500-63467D89731F,2021-01-28
0002000090,0001000050,BAXTER OLD PLACE,US,KS,02,,E1BA3A30-E3DF-4D01-B7DF-4B7F3C5258EA,2014-06-14
0002000516,0001000299,OBERLIN OLD FARM,BR,RS,02,,6933E384-FCC5-4B0A-BF23-224ACD6301EF,2016-07-15
0002000332,0001000178,DIETRICH HILLTOP SECTION,US,IA,02,,C0EB9986-7F2C-4377-BC9A-E44088D72862,2022-05-31
0002000449,0001000241,DRUMMOND OLD QUARTER,US,MN,02,,AD6FE601-9FDB-40B1-A56E-484FB59CAB74,2022-11-19
0002000246,0001000132,PEMBERTON UPPER RANCH,US,NE,02,,21223904-6E20-4632-870E-FFB598C723D2,2013-05-15
0002000214,0001000115,UNDERHILL RIDGE GROUND,US,IN,02,,EF3C564C-7DB7-49BA-988A-55BA2D7C7601,2014-09-07
0002000232,0001000125,CASTELLANO PRAIRIE QUARTER,US,IL,02,,C5B9FC8D-480F-4BA7-95E9-E9846ACAE5C0,2010-03-15
0002000625,0001000396,GIRARD VALLEY FARM,CA,SK,02,X,6EEAEF19-A779-487A-B120-56C11EAF990B,2017-12-18
0002000341,0001000182,ALBRECHT CREEK SECTION,US,MN,02,,D3E47F5C-2DA8-4F82-97BB-2ADD05A2AEB7,2009-11-12
0002000199,0001000105,KOWALSKI CREEK PLACE,CA,ON,02,,0C4ACE1C-1BAE-4DCF-8CF6-37845452C0EC,2019-07-11
0002000408,0001000218,CRENSHAW EAST SECTION,US,IN,02,,8C344713-9FBB-4435-BE9B-0AF8FD924109,2021-12-24
0002000234,0001000126,NORDIN CREEK HOMESTEAD,US,NE,02,,653B6B78-2029-40AA-B54B-6C496AB362A5,2011-04-25
0002000116,0001000063,HUMMEL LOWER SECTION,CA,AB,02,,14EBA1D7-8E1F-4962-886A-BFF340005795,2019-09-12
0002000450,0001000242,WHITAKER UPPER PLACE,US,ND,02,,E7AEBE84-F1FA-4878-A871-EFCB9940CEFC,2014-02-05
0002000458,0001000247,STEINER CREEK QUARTER,CA,ON,02,,ADD075F3-F140-47E3-BAC6-222454BC6722,2009-07-07
0002000183,0001000097,OBERLIN PRAIRIE GROUND,US,NE,02,,BB5F9F55-CFF7-420A-AAFD-2D05FF6A74F0,2015-11-30
0002000454,0001000245,CRENSHAW RIDGE GROUND,US,IN,02,,B55F4C8D-B3F8-4654-BE95-DFADD61978F6,2014-02-08
0002000531,0001000309,CALLAHAN LOWER RANCH,BR,MT,02,,482559BD-8ACD-42EB-A437-AF34C7BA257A,2021-12-04
0002000546,0001000318,IVERSON RIVER RANCH,BR,RS,02,,33479758-D40F-45CA-BCA8-8408355AD7D3,2018-04-06
0002000468,0001000253,THOMPSON LOWER QUARTER,US,MN,02,,2D77E78D-7065-47AE-9F08-5C9960C61DCC,2021-11-07
0002000442,0001000237,MARSH SOUTH RANCH,CA,SK,02,,513BDB4F-B7EC-4920-A1E7-DA3244105FA8,2019-02-23
0002000170,0001000090,WHITAKER CREEK HOMESTEAD,US,WI,02,,11C17AD5-E44E-481A-A9F4-A7B6C709D611,2015-08-29
0002000321,0001000170,THOMPSON EAST SECTION,US,IN,02,,E02E20F3-633B-4559-8FEA-CAE7E36C5477,2023-05-02
0002000569,0001000340,STEINER LAKE QUARTER,US,SD,02,,AD0C540E-2B74-4346-8291-50E592D12358,2021-05-04
0002000497,0001000281,REYES OLD HOMESTEAD,US,KS,02,,30F6C08F-2238-4190-9C03-DAF55399CBD2,2017-11-08
0002000080,0001000046,WINTERS VALLEY FARM,US,MN,02,,4608824E-C18A-4DAD-A321-49F141C539AC,2011-06-21
0002000194,0001000102,MCALLISTER NORTH SECTION,US,KS,02,,70DD21B1-5410-4AB5-9862-4DA1D6F28D2D,2014-07-29
0002000333,0001000179,FALKNER LOWER RANCH,US,WI,02,,D9323712-286F-4E7C-8CA6-DD5665595C6D,2020-12-20
0002000110,0001000061,WINTERS SOUTH GROUND,CA,MB,02,,52C1F749-7D7F-4A2B-BFAB-0698359D433E,2021-10-22
0002000353,0001000188,OBERLIN HILLTOP PLACE,US,KS,02,,145AD671-B880-4F7A-8384-F3C44F25DB0F,2009-09-19
0002000221,0001000118,IVANOV SOUTH GROUND,US,MN,02,,3222E3A2-F824-45FB-A049-4BDDFEE14D0E,2019-03-06
0002000459,0001000247,STEINER RIDGE PLACE,CA,ON,02,,95477BC9-714C-4218-845A-6CFF00F30BF8,2018-09-03
0002000193,0001000102,MCALLISTER HILLTOP SECTION,US,KS,02,,C8806EAA-0F03-496E-9B20-495C9033491C,2020-09-11
0002000076,0001000043,IVERSON SOUTH FARM,US,MO,02,,8C70D64E-5298-4F40-863F-473308DD593B,2023-10-01
0002000255,0001000136,THOMPSON EAST FARM,US,KS,02,,F9DEEFDD-91B2-4722-A9CD-40F0BF48E2C2,2016-06-27
0002000344,0001000184,BAXTER SOUTH RANCH,US,IA,02,,87C104A2-8C7E-4F7C-806C-8EFFAAE9E093,2012-12-07
0002000025,0001000015,BERGSTROM LOWER QUARTER,US,MN,02,,1426292F-C902-4BAB-B427-C94C5BA04278,2018-10-13
0002000335,0001000180,KOWALSKI OLD RANCH,US,IA,02,,23CE10A7-EDA4-480E-9E5E-04B74D9D6AB1,2018-09-17
0002000068,0001000038,WHITAKER LAKE PLACE,US,OH,02,,F6345767-CF06-4ED4-BECC-F0A5AC03D3F1,2019-08-14
0002000235,0001000127,WINTERS OLD QUARTER,US,ND,02,,13909E89-B444-4C55-B7D1-1E3B9C8FA0A4,2015-10-17
0002000388,0001000207,UNDERHILL CREEK FARM,US,MO,02,,9386A61E-1048-47B4-B14F-F0833F385B94,2019-04-18
0002000250,0001000134,HUMMEL EAST QUARTER,US,KS,02,,2F7C6639-7BC2-4A55-B143-7C1389CCDD4C,2018-08-19
0002000227,0001000122,FALKNER LOWER FARM,CA,ON,02,,F61E273F-8332-422C-AB32-1664D0F946F5,2013-07-19
0002000005,0001000004,ASHWORTH OLD HOMESTEAD,US,ND,02,,76F699A2-161A-4377-A7C4-62F0087D0D43,2017-01-05
0002000180,0001000096,BERGSTROM OLD GROUND,US,ND,02,,9BCD7635-16CF-466E-855B-78456A8E6506,2016-02-27
0002000020,0001000012,YANCEY LOWER HOMESTEAD,US,WI,02,,32F96270-046B-4248-AFC6-785DC92D467C,2013-08-05
0002000387,0001000206,UNDERHILL NEW FARM,CA,ON,02,,18D3B97D-8D2D-480C-81D5-1A7EE1FDAD14,2022-02-12
0002000375,0001000199,RASMUSSEN NEW RANCH,CA,SK,02,,87308E26-331D-47EA-818B-2C144B10808D,2020-01-04
0002000266,0001000142,DIETRICH CREEK QUARTER,US,ND,02,,6589917A-60FE-4F5A-99E3-926DAB2A5713,2010-10-05
0002000142,0001000076,MCALLISTER LAKE FARM,US,IA,02,,C1C492AF-57F5-4F38-88C6-A9362E3BB455,2024-03-21
0002000099,0001000054,EASTMAN NEW PLACE,US,WI,02,,2B36F7AF-AAA5-4AA0-BCD4-B5E703EDB700,2010-05-20
0002000270,0001000144,TOLLEFSON OLD SECTION,CA,MB,02,,DA93139B-4878-4759-8E94-4C3933DAD3BD,2019-07-28
0002000363,0001000194,WINTERS LOWER PLACE,US,ND,02,,59F485BC-6CD7-4703-8C38-A46B731C5770,2013-07-17
0002000370,0001000197,WINTERS HOME SECTION,US,ND,02,,010E6949-BFAC-4C48-A668-CC0DEDDBB9C8,2016-06-13
0002000327,0001000174,IVERSON NORTH GROUND,US,KS,02,,F99B1DB2-B768-420B-92DE-F2C900D85389,2015-09-27
0002000536,0001000312,GIRARD SOUTH GROUND,BR,MT,02,,C2E9D016-5452-4179-B7EA-B465F274C90E,2019-08-27
0002000337,0001000180,KOWALSKI EAST PLACE,US,IA,02,,EFD01544-A4C6-40DB-ABB7-6721A7BF424D,2013-01-23
0002000463,0001000250,LOCKHART OLD FARM,US,IN,02,,C0017A5B-7B07-48A5-99BE-3DFDA38F0A92,2016-01-08
0002000585,0001000356,DELACROIX NORTH PLACE,CA,AB,01,,A745860E-E062-4046-936B-6165E766201C,2022-04-25
0002000434,0001000233,MERRIWEATHER SOUTH GROUND,US,OH,02,,199C2DF0-8FC3-41C6-9E97-D812890F21B9,2009-12-11
0002000272,0001000145,CALLAHAN CREEK FARM,US,WI,02,,2448A314-6B40-40D7-A607-C1142A290A3B,2017-07-13
0002000640,0001000411,DRUMMOND NORTH FARM,US,MO,02,,ECB5CB97-5A4E-4591-BD08-C20BBD144747,2009-01-20
0002000079,0001000045,HOLLOWAY CREEK FARM,US,OH,02,,A9C7450C-0AD2-4651-A065-F16C6E7538BF,2024-01-29
0002000259,0001000138,PEMBERTON LOWER FARM,CA,MB,02,,0F8F7B2E-98A3-41B8-82E9-39A359EE24F0,2019-02-08
0002000582,0001000353,DRUMMOND HILLTOP PLACE,US,IL,01,,3F2F5794-51B6-4A86-BB35-D2FF82890D55,2011-08-24
0002000354,0001000189,KOWALSKI HILLTOP PLACE,US,IA,02,,B70296C1-B7CB-445C-84FB-F65F4A7B9DF9,2019-01-20
0002000007,0001000005,UNDERHILL HILLTOP GROUND,CA,SK,02,,A2C5E982-5570-4DE0-8C0A-8E5F1ABAE7D2,2012-03-16
0002000396,0001000212,FERREIRA CREEK RANCH,CA,ON,02,,C7A4E7C6-E4A5-4275-BD7A-149C1245DE57,2016-11-06
0002000626,0001000397,CASTELLANO RIDGE SECTION,US,WI,02,X,E534D4FB-F139-47A9-BA26-361E1C7BF6BC,2010-08-08
0002000630,0001000401,EASTMAN LOWER SECTION,US,WI,03,,E4A001DC-41F3-45E0-9051-97EE24DF997B,2018-03-06
0002000216,0001000116,RASMUSSEN PRAIRIE GROUND,CA,AB,02,,155A9E2D-3CCD-4C2D-BD1B-F0C129792AEE,2014-03-21
0002000125,0001000068,YODER HOME RANCH,CA,ON,02,,DCCFA886-B8A0-43D7-9436-35093C7880F0,2009-12-16
0002000580,0001000351,OBERLIN VALLEY GROUND,CA,AB,03,,7860FDC5-55D0-47EF-86D3-5E9FE0A33F2A,2013-02-05
0002000202,0001000107,CALLAHAN LOWER QUARTER,CA,AB,02,,81BA364E-9275-4EB2-A437-9A3DC234489A,2011-09-09
0002000579,0001000350,KERRIGAN VALLEY GROUND,CA,AB,02,,CCF7F90D-6A94-44BA-804A-24864F1727CB,2022-08-10
0002000447,0001000240,JABLONSKI NORTH HOMESTEAD,US,ND,02,,07062248-AD1A-4DFC-996E-DD6FCE27BC3F,2023-11-21
0002000636,0001000407,EASTMAN HILLTOP HOMESTEAD,CA,MB,02,,A106DB28-AA13-4EBC-AC5B-2D220ACA3F62,2010-10-07
0002000489,0001000273,IVANOV HOME FARM,US,SD,02,,199833A1-5638-4802-8B37-EA74F0E7BCC9,2014-10-24
0002000238,0001000128,HUMMEL NEW HOMESTEAD,US,MN,02,,D957FED9-E8AE-46F4-A20F-B816F1613844,2018-06-06
0002000279,0001000148,FALKNER NEW GROUND,CA,MB,02,,FA5B60B9-9DB8-4D2A-9BF2-6E9B72A14417,2021-04-22
0002000239,0001000128,HUMMEL HOME RANCH,US,MN,02,,B107AD83-CB40-436F-AF2D-DCAF14EDFE5F,2018-07-09
0002000023,0001000014,DELACROIX UPPER GROUND,CA,ON,02,,8F4AF6F7-4B84-43FE-97B8-26983BD2560A,2017-11-12
0002000483,0001000267,STEINER NORTH HOMESTEAD,US,IN,02,,45738F38-FD97-43B0-9CAE-8C090CE02FDB,2017-07-06
0002000567,0001000338,FERREIRA WEST QUARTER,CA,ON,02,,0F8BC7DB-4AE8-43DA-B252-08D8AD5F65CF,2017-08-01
0002000154,0001000083,BRENNER EAST GROUND,CA,SK,02,,979D898F-6C21-4778-ADF8-2A2E337CDF26,2017-12-27
0002000528,0001000306,QUANDT RIVER QUARTER,BR,MT,02,,A0425D01-2823-4529-AFD3-9875F199AA8F,2012-06-14
0002000024,0001000014,DELACROIX EAST PLACE,CA,ON,02,,2B29C009-064B-4B46-93FD-5E2BDC4DC495,2016-10-20
0002000164,0001000087,MARSH HILLTOP HOMESTEAD,US,NE,02,,F4B144EE-831B-4C02-98C6-D14B92B1E67A,2016-10-01
0002000313,0001000166,CASTELLANO OLD FARM,CA,ON,02,,6DB3BD74-F181-4326-87E0-F7202AF81BBC,2012-03-20
0002000274,0001000146,YANCEY HILLTOP QUARTER,US,SD,02,,B9106F74-7856-4C8B-833D-3E1D6D0AEFBC,2013-10-31
0002000594,0001000365,PEMBERTON PRAIRIE SECTION,US,ND,01,,0DBF5D2C-3672-4CB2-8401-EF408D3B4B51,2012-12-15
0002000242,0001000130,PRESCOTT VALLEY HOMESTEAD,US,SD,02,,355D9880-7187-4468-A2D2-A7925E35E816,2016-06-07
0002000511,0001000294,YODER LOWER PLACE,BR,RS,02,,48FF33D3-D9A2-44EC-BE1C-CAD2386DF157,2020-11-14
0002000510,0001000293,DIETRICH LAKE GROUND,BR,PR,02,,ABE9492D-B09C-4611-9478-2F4027F0B6CB,2017-06-11
0002000642,0001000413,REYES WEST SECTION,US,IL,02,,D819A71A-2112-4866-B883-C016F44B44B3,2018-09-22
0002000412,0001000221,THOMPSON OLD SECTION,US,WI,02,,97EBB8E9-AF88-43B1-84D3-D8460509D56C,2014-05-09
0002000635,0001000406,HUMMEL WEST RANCH,US,MN,02,,928E7613-51F5-4752-9E6D-43EE7F5404F0,2012-02-02
0002000609,0001000380,LINDQVIST NORTH HOMESTEAD,CA,MB,02,,B63AB4FF-2E5D-438F-BEBB-05B4378F7753,2024-11-25
0002000210,0001000112,CASTELLANO VALLEY QUARTER,US,ND,02,,495F99BF-34B4-4ABC-AC65-EE938173B7A8,2020-02-10
0002000374,0001000199,RASMUSSEN NEW SECTION,CA,SK,02,,E9D2DF1B-1D4C-4DFB-9045-4F6C53B07052,2012-01-20
0002000311,0001000165,IVERSON PRAIRIE GROUND,CA,SK,02,,983CD1FF-7870-476D-8D9D-3805CE3FFBAF,2015-06-21
0002000552,0001000323,KOWALSKI CREEK FARM,US,IN,02,,D1F0DE80-D294-412D-88C2-9D1E21FDBF60,2014-05-24
0002000641,0001000412,LINDQVIST NEW QUARTER,US,OH,02,,628204AA-60A5-413A-8073-A9B6BD55A215,2018-12-18
0002000103,0001000056,CASTELLANO LOWER QUARTER,US,KS,02,,F53CF110-983A-48A5-955C-5E9D3543A132,2024-04-18
0002000147,0001000080,DELACROIX HOME PLACE,US,WI,02,,F6F02251-5E14-43D1-B5EB-A321F2CA7C6E,2009-06-05
0002000204,0001000107,CALLAHAN LOWER FARM,CA,AB,02,,1DE3C84F-50E0-45B6-ADE0-F6A86579DCF2,2021-11-07
0002000281,0001000149,FALKNER NORTH FARM,CA,SK,02,,EF02F496-654C-40FE-8556-4BF34671B825,2013-04-14
0002000014,0001000009,MCALLISTER NORTH QUARTER,US,KS,02,,C1AFA6AF-0D6C-4DE4-9FC2-D98BA30B33F6,2009-03-27
0002000390,0001000208,LOCKHART EAST PLACE,US,IN,02,,36769562-2FBD-4D55-9379-AC19707A2CAE,2020-01-14
0002000346,0001000185,KOWALSKI HILLTOP HOMESTEAD,CA,SK,02,,EAD3B885-85FD-41A7-AA63-08E256FF6334,2009-05-11
0002000304,0001000160,RASMUSSEN NORTH QUARTER,US,MO,02,,5D3579BB-D17B-41D4-86AF-D71EB2E8C52E,2016-10-15
0002000018,0001000011,KOWALSKI CREEK RANCH,US,ND,02,,11C9F8AE-CFE2-4B85-8E3A-9A5490BBA23F,2020-08-29
0002000506,0001000290,BRENNER RIVER GROUND,US,ND,02,,9ABBEFA3-F020-4A65-8AAF-1EBA68283CF9,2012-06-20
0002000262,0001000140,YODER HILLTOP GROUND,US,KS,02,,FE2916B0-D62D-4C9E-8465-19A29C6E938D,2014-06-21
0002000566,0001000337,DELACROIX OLD FARM,US,MO,02,,3079D835-4A13-4BD4-94DA-249F178A494A,2010-07-10
0002000233,0001000126,NORDIN HOME QUARTER,US,NE,02,,B0CA8ECD-3408-4BDB-B797-7538F07520F8,2023-10-06
0002000112,0001000062,REYES LOWER RANCH,CA,SK,02,,451618FC-257B-49C4-9D02-3730CF866B10,2009-08-23
0002000571,0001000342,MERRIWEATHER RIVER HOMESTEAD,CA,AB,02,,F06798DC-6290-490A-A0D3-78ACF771414F,2009-10-16
0002000191,0001000100,HOLLOWAY CREEK HOMESTEAD,US,ND,02,,0BCC23A0-2CBE-422A-B440-855FE83EF437,2021-06-06
0002000615,0001000386,WHITAKER RIVER FARM,US,WI,02,X,6704B0DA-507F-4BF9-A8F6-4F2095E42B77,2019-05-02
0002000012,0001000008,HUMMEL UPPER HOMESTEAD,US,MO,02,,2DEEA673-D201-47EC-9C1A-6DF5DF81687B,2016-01-01
0002000356,0001000190,DIETRICH RIVER GROUND,US,IA,02,,83F78C56-C14F-4D30-A654-A47882122C88,2020-07-18
0002000241,0001000129,QUANDT SOUTH QUARTER,US,IA,02,,0C4F406B-7AC9-4427-A315-B875F8AA8365,2013-08-23
0002000394,0001000210,YANCEY PRAIRIE RANCH,CA,MB,02,,A8E34C24-7F62-45BF-9834-7BDE3629317C,2012-06-07
0002000249,0001000133,PEMBERTON LOWER SECTION,US,MO,02,,11C26587-A02E-4B1D-94A8-07174E9B9C94,2013-06-12
0002000391,0001000209,BRENNER VALLEY GROUND,US,ND,02,,44575BA0-E22F-4D80-B009-6CFE5E3E33AB,2010-05-22
0002000001,0001000001,IVERSON UPPER FARM,US,IN,02,,38B4004E-0C28-4548-9B67-1B0B9279B622,2010-01-06
0002000329,0001000176,PEMBERTON NEW SECTION,US,KS,02,,2E744698-4388-4830-B2AE-ED4B0AE4D953,2023-11-05
0002000196,0001000103,CALLAHAN VALLEY GROUND,US,IL,02,,5DB0ACCF-9580-4B28-AEAD-D397F3DAFAE9,2009-12-29
0002000523,0001000303,REYES WEST PLACE,BR,RS,02,,3587FE9A-2CEA-453F-9D92-D41CA5F7FF28,2015-07-18
0002000575,0001000346,QUANDT EAST RANCH,CA,ON,02,,70E301E3-2C5F-481C-A476-5C3ABDD03C14,2021-04-04
0002000113,0001000062,REYES HILLTOP SECTION,CA,SK,02,,79643AE8-31A8-45B5-B79C-8B6F49E01501,2010-03-23
0002000380,0001000201,CASTELLANO OLD RANCH,CA,MB,02,,292639F3-55CE-4092-9F56-163C221C73D3,2022-10-30
0002000426,0001000229,MCALLISTER SOUTH GROUND,US,SD,02,,E0ECEA5A-801F-47F0-BD73-5B16D966F898,2021-05-06
0002000544,0001000316,YODER NEW SECTION,BR,GO,02,,E612DFC6-B8FB-43BC-B41E-9D3117ADFC6C,2017-08-26
0002000254,0001000136,THOMPSON UPPER QUARTER,US,KS,02,,6228D907-FAFC-4D91-87C3-C90F13A03AA2,2024-01-02
0002000393,0001000210,YANCEY OLD GROUND,CA,MB,02,,0417D198-059B-48CB-A847-1153C725A558,2010-04-03
0002000230,0001000124,BOUDREAU VALLEY HOMESTEAD,US,IN,02,,E3DE880B-9F0E-495A-9F79-0592ADB736DD,2022-05-16
0002000212,0001000113,WHITAKER NEW QUARTER,US,KS,02,,1CFC2324-CA67-47F1-B66C-EB03D8E25FBF,2013-09-02
0002000287,0001000153,NOVAK RIDGE RANCH,CA,AB,02,,1D5544D2-1E34-4275-A321-1514FA9CDC62,2014-06-22
0002000042,0001000026,HARTLEY RIDGE QUARTER,US,IL,02,,0E958C50-8E30-4C46-9A7E-6CD7CF1145DB,2013-09-17
0002000438,0001000235,IVANOV VALLEY FARM,CA,SK,02,,40C682EE-59FE-44B0-919D-2BA97E62070F,2023-01-29
0002000436,0001000234,DELACROIX OLD RANCH,CA,ON,02,,5D88E91C-9CD6-4519-B39A-6146A06C5C70,2021-01-31
0002000222,0001000119,HUMMEL HOME RANCH,US,IA,02,,2556FA48-E0F9-4004-95EE-3775846FAD0D,2009-02-16
0002000070,0001000039,DIETRICH VALLEY HOMESTEAD,US,OH,02,,F56279D7-5B78-4A7A-AD0C-42AA90FF2F36,2011-02-28
0002000557,0001000328,NOVAK EAST SECTION,CA,SK,02,,7E533E26-1346-4691-87A2-0FE7E43EE325,2018-10-10
0002000334,0001000179,FALKNER LAKE FARM,US,WI,02,,C5D86F9B-F8E9-46EB-8869-18C03AF14159,2011-10-11
0002000049,0001000029,JABLONSKI NEW RANCH,US,IA,02,,B1F2277A-5568-47A2-9DD5-413FFF98795F,2012-03-17
0002000535,0001000311,DIETRICH NORTH GROUND,BR,GO,02,,A7643CC7-4C6D-4FBC-BA40-9A1F4F2A387A,2011-02-25
0002000184,0001000098,EASTMAN HILLTOP FARM,US,KS,02,,2378124E-BF5D-43F7-BA47-861400C23687,2010-02-13
0002000611,0001000382,TOLLEFSON CREEK FARM,US,NE,02,,A2810B69-DCC3-43DA-A9E8-99DED3C64F8B,2023-12-04
0002000296,0001000156,MARSH LOWER FARM,CA,ON,02,,B5A68F17-D928-4CCC-91EE-C1C014B06F08,2010-01-14
0002000631,0001000402,WINTERS HOME FARM,CA,SK,02,,B3EF967F-23EB-419A-A6D1-B0954A01630D,2021-08-18
0002000533,0001000310,NORDIN VALLEY SECTION,BR,RS,02,,AE8ECCEE-4E05-40C0-8BCC-7327F4B5717F,2010-09-15
0002000156,0001000084,CRENSHAW HILLTOP PLACE,US,KS,02,,57B2D594-DB78-4E34-8E3E-5B9DDFDC2E3D,2009-04-23
0002000616,0001000387,KERRIGAN EAST PLACE,US,MO,02,X,25C9C23E-BBBF-4872-85F3-B9883BA6130C,2016-03-18
0002000389,0001000207,UNDERHILL RIVER SECTION,US,MO,02,,3C0FE544-AF9D-40F4-90EA-2D953EA418EE,2013-09-08
0002000522,0001000302,IVANOV SOUTH RANCH,BR,PR,02,,34D6CACE-0E6E-4510-96C8-C39F8EA61BEA,2014-03-07
0002000542,0001000315,LOCKHART CREEK RANCH,BR,GO,02,,8D1E8C67-E210-4978-A822-341D0C0126A5,2017-07-05
0002000095,0001000053,TOLLEFSON VALLEY QUARTER,US,WI,02,,634CB80A-B26A-4543-ACD2-E52B18CC0B23,2020-07-27
0002000218,0001000117,PRESCOTT LOWER GROUND,CA,ON,02,,05B15339-89A4-4480-BC4D-B88D65ED611A,2019-03-29
0002000373,0001000199,RASMUSSEN HILLTOP QUARTER,CA,SK,02,,4B9B83CB-C630-4F49-AB66-77E834E8AE0B,2021-08-05
0002000325,0001000172,CASTELLANO VALLEY RANCH,CA,ON,02,,14B8FE26-F040-4570-A77E-04B42FBBD00A,2011-12-01
0002000120,0001000065,NOVAK CREEK QUARTER,CA,AB,02,,8039993A-8EDD-4FE9-83F5-A99F8C00D7FD,2024-10-09
0002000300,0001000158,LINDQVIST HOME RANCH,US,NE,02,,9A51DC68-637E-48DF-8B07-6494374FDA74,2009-02-01
0002000624,0001000395,NOVAK OLD HOMESTEAD,US,KS,02,X,53E397AD-4870-417B-8B60-1CC8C72606BE,2019-07-07
0002000352,0001000188,OBERLIN NORTH PLACE,US,KS,02,,24A28A8E-5CD7-47FB-8433-9D8D7CC1780A,2024-09-27
0002000006,0001000005,UNDERHILL RIVER SECTION,CA,SK,02,,413E1420-B06A-465B-B37A-ECB23DD203C4,2020-10-06
0002000157,0001000084,CRENSHAW PRAIRIE SECTION,US,KS,02,,10A5D32B-F3D4-4290-9B38-AE4FE7CB27D5,2012-01-11
0002000430,0001000231,XIONG VALLEY PLACE,US,IL,02,,7DE5686F-0C7C-4E6B-8969-7E9DB1C6048F,2017-10-14
0002000617,0001000388,OBERLIN RIDGE PLACE,CA,MB,02,X,8E034EE1-98E4-4F39-8F7A-E90415F75D0D,2016-05-04
0002000599,0001000370,DUVAL PRAIRIE RANCH,CA,ON,03,,CB8B72F3-8E72-4DFE-9CFA-4190EA825633,2022-09-28
0002000138,0001000075,BRENNER LAKE RANCH,CA,SK,02,,BC09C9EC-3443-457B-87D5-E8B82667DC20,2012-04-18
0002000422,0001000226,HOLLOWAY PRAIRIE QUARTER,US,IL,02,,CD9702AF-FE83-49C0-95CD-2892BA0C8778,2010-07-01
0002000372,0001000198,HARTLEY LAKE RANCH,CA,MB,02,,D6355579-FAE1-4B21-8C93-F5FF31A7831A,2018-06-30
0002000355,0001000189,KOWALSKI PRAIRIE HOMESTEAD,US,IA,02,,874DCCB0-293D-4E2A-B167-9C514E0FD407,2023-05-06
0002000348,0001000186,CALLAHAN SOUTH RANCH,CA,ON,02,,BD9DBB55-2B0A-46E7-935C-D46B87A962DC,2022-04-09
0002000029,0001000017,JABLONSKI WEST GROUND,US,MO,02,,0FC5A266-E831-4EBD-A4C6-8B815AAA28F4,2020-03-23
0002000206,0001000109,PEMBERTON HOME QUARTER,US,IA,02,,2343E00C-7FE8-4552-810D-01E8B63F70A8,2010-12-23
0002000416,0001000223,LOCKHART LOWER GROUND,US,KS,02,,72779E97-3CF0-49A6-9F07-871F42134750,2017-06-16
0002000601,0001000372,ALBRECHT WEST GROUND,US,IA,02,,6C9479FD-CD86-497B-9CC0-57784556F555,2019-03-20
0002000439,0001000236,EASTMAN EAST SECTION,US,WI,02,,2E77F68E-1DDA-4BFB-8B59-75440E8D66E8,2012-03-15
0002000011,0001000008,HUMMEL SOUTH HOMESTEAD,US,MO,02,,AE83563D-1082-40E1-A577-7BD5DB8D9B34,2009-02-01
0002000629,0001000400,FALKNER HILLTOP QUARTER,CA,ON,03,,61BFC1AC-FC1A-4855-8BA4-E7C6D57D6E8A,2022-07-22
0002000525,0001000304,THOMPSON NEW QUARTER,BR,RS,02,,3E35447B-6DF5-4D0E-A457-0A45BF282422,2011-11-04
0002000253,0001000135,HOLLOWAY SOUTH SECTION,US,MN,02,,02EF9757-A817-4FD5-802B-0B1088394248,2022-02-22
0002000331,0001000178,DIETRICH PRAIRIE GROUND,US,IA,02,,8CC08224-7663-4A17-A1B0-F5E4B3CD7756,2013-05-24
0002000256,0001000137,JABLONSKI WEST PLACE,US,SD,02,,3792AF1E-FB2B-48DD-8F7A-FD6892C32183,2017-04-30
0002000519,0001000300,BAXTER RIDGE RANCH,BR,RS,02,,C8016B1D-031F-4E6F-B776-8AF05EAAED2A,2016-02-21
0002000237,0001000127,WINTERS CREEK FARM,US,ND,02,,B8FC48EA-2439-403A-9934-62A5C4E890BA,2019-06-26
0002000578,0001000349,DRUMMOND UPPER GROUND,US,ND,02,,94A813B6-337B-4833-BE0F-FAEF5BDA229D,2018-05-13
0002000208,0001000111,THOMPSON EAST PLACE,CA,MB,02,,162976F7-48F9-4B31-A653-B5B055430A02,2014-02-21
0002000365,0001000195,XIONG SOUTH SECTION,US,MN,02,,A3650EEC-6CA0-467B-9E2C-B198EBB7D7A2,2016-05-03
0002000078,0001000044,LOCKHART NORTH FARM,CA,AB,02,,6855BA18-5EB0-4E67-AA21-0B71BE09B120,2017-09-23
0002000252,0001000135,HOLLOWAY SOUTH QUARTER,US,MN,02,,2BF79411-5F81-42B8-B01C-892629CB96C2,2020-02-01
0002000132,0001000072,IVERSON NORTH PLACE,US,MO,02,,36F00511-3C23-47CA-A338-0F371759F542,2010-09-04
0002000190,0001000100,HOLLOWAY RIDGE GROUND,US,ND,02,,1400DE3E-01FC-4581-852F-BB90F42768B5,2015-01-14
0002000133,0001000072,IVERSON NEW SECTION,US,MO,02,,A88391A6-DD13-4A83-B0F6-AA4D8E2A46E3,2023-10-11
0002000289,0001000153,NOVAK LAKE QUARTER,CA,AB,02,,B76BF248-2717-4D0B-8B7C-9BC32DC94F51,2009-01-28
0002000577,0001000348,NORDIN NEW RANCH,CA,AB,02,,414C50F6-B141-4F31-833F-74F8AC7938AC,2022-12-03
0002000065,0001000037,PRESCOTT HOME GROUND,US,NE,02,,89E3A49C-93F6-49EC-8C50-E4E34F5AFDE1,2020-10-28
0002000123,0001000067,FERREIRA CREEK HOMESTEAD,US,SD,02,,2396FB7C-C997-4A2E-B4C6-12F3F0BA719E,2016-09-22
0002000589,0001000360,BAXTER LAKE FARM,US,SD,01,,749C133D-2625-41CC-982B-B857430C72DD,2014-11-25
0002000244,0001000131,WINTERS HOME FARM,CA,MB,02,,028ED2E0-7C41-4BA8-9B23-1A8EB7435C0A,2015-01-27
0002000294,0001000156,MARSH NORTH FARM,CA,ON,02,,4DC524FB-101C-4577-A435-44ACF335E556,2021-11-18
0002000169,0001000090,WHITAKER HOME GROUND,US,WI,02,,7A43A217-F128-44D7-8593-603456784EDB,2015-02-17
0002000470,0001000254,PRESCOTT RIDGE QUARTER,US,KS,02,,AB5419DB-95D5-4DE3-9564-24819A755874,2011-05-02
0002000277,0001000147,NOVAK SOUTH HOMESTEAD,US,MO,02,,556FCF0E-1F34-4813-B65F-17977FD1503C,2020-09-07
0002000182,0001000097,OBERLIN OLD SECTION,US,NE,02,,A39BC012-9096-4B10-B6B3-AA90E7567FF7,2012-11-25
0002000397,0001000213,HARTLEY RIDGE HOMESTEAD,US,SD,02,,3E0FFADD-F473-4F06-87E3-AE1BFC522D51,2009-09-15
0002000066,0001000037,PRESCOTT LAKE RANCH,US,NE,02,,2B4F6C88-9A0C-46B4-B0CE-DAC12DFA7D3C,2024-04-04
0002000319,0001000169,JABLONSKI VALLEY SECTION,US,IA,02,,5A5E77E4-3DFB-4564-A254-12D47A3E9D37,2009-06-25
0002000482,0001000266,PRESCOTT NEW GROUND,CA,MB,02,,90074211-92FA-4CB6-AC52-C120AF87ED66,2023-12-17
0002000085,0001000048,RASMUSSEN LOWER SECTION,CA,AB,02,,55F85C75-1696-462D-AD2C-8C807AAD4758,2014-08-01
0002000540,0001000314,CRENSHAW CREEK SECTION,BR,RS,02,,53AA1026-0BFC-4F72-B915-3CB2CFCAFBAA,2009-08-18
0002000050,0001000030,DRUMMOND HOME GROUND,US,MN,02,,65525602-F04F-413F-8377-D65C9E116245,2017-01-14
0002000197,0001000104,OKAFOR RIDGE SECTION,US,OH,02,,82123B06-1020-4994-B0D3-06E41C330EEA,2013-05-28
0002000205,0001000108,HARTLEY LOWER GROUND,US,WI,02,,173C3F5E-1224-412F-B1C0-F8DEEB2FCCAA,2017-05-02
0002000073,0001000041,KERRIGAN LOWER FARM,US,SD,02,,6D3B273E-C389-46A1-9B79-1D5EC33C90C1,2010-05-31
0002000148,0001000081,MERRIWEATHER NORTH RANCH,US,IL,02,,7FB21DFA-D3E4-482A-8818-7EA56E91DA66,2024-03-03
0002000555,0001000326,KERRIGAN HILLTOP FARM,US,MO,02,,7C781E84-44B3-49E9-9068-271336AE829D,2016-06-30
0002000481,0001000265,DIETRICH LAKE GROUND,US,IA,02,,5A5A7B44-9119-4491-A034-F4EE249B42F0,2017-03-28
0002000105,0001000058,LOCKHART SOUTH GROUND,US,MN,02,,AA0280C1-9805-4EEC-801C-6E25087FA8AA,2020-03-07
0002000651,0001000422,FERREIRA WEST QUARTER,US,KS,02,,39BDE456-1958-4079-B9AB-FBCC286BD3B0,2011-09-19
0002000102,0001000055,DIETRICH LAKE QUARTER,US,OH,02,,98BBCF35-27D8-48A2-98DB-776294943084,2011-04-17
0002000326,0001000173,NORDIN HOME GROUND,US,WI,02,,D5880F22-3F8A-4FBB-929D-3AC8AC47CFFD,2016-02-03
0002000185,0001000098,EASTMAN PRAIRIE GROUND,US,KS,02,,F82F3A40-183A-4703-8087-C4D291A8DEA7,2009-05-08
0002000648,0001000419,BOUDREAU UPPER SECTION,US,OH,02,,B8B75D4F-37E9-45A7-9E81-33D1941071C3,2022-09-07
0002000002,0001000002,OKAFOR PRAIRIE FARM,US,NE,02,,D0C6AC5A-590F-4A90-AB1B-822FFAA8943A,2024-05-05
0002000181,0001000096,BERGSTROM NORTH RANCH,US,ND,02,,9142D0F4-5A55-4F79-988E-ABF354BD544F,2014-08-30
0002000064,0001000036,BERGSTROM RIDGE FARM,CA,ON,02,,471ABF3E-8924-4C51-BC64-FC95E8746CFB,2011-03-01
0002000587,0001000358,ASHWORTH OLD PLACE,US,KS,01,,F2125205-3DD6-449F-A033-92A267548539,2012-08-21
0002000551,0001000322,CRENSHAW HILLTOP GROUND,CA,MB,02,,71E01D15-B7AA-461C-8B1A-797336BDEEE8,2014-05-07
0002000040,0001000025,RASMUSSEN OLD SECTION,US,SD,02,,EE70D1A0-8433-47EC-BEF4-46D1B246FDD4,2016-05-20
0002000537,0001000312,GIRARD RIDGE SECTION,BR,MT,02,,26F698FF-DC95-4363-8C42-CCA8FA1617C8,2024-12-21
0002000045,0001000028,DELACROIX VALLEY SECTION,US,WI,02,,4B6359C8-554C-4EE8-A0F0-4038D66FD737,2010-10-08
0002000487,0001000271,THOMPSON EAST RANCH,US,IL,02,,F4994F19-27CD-4958-A6DF-F30DC5101F02,2021-10-30
0002000144,0001000078,KERRIGAN RIDGE SECTION,US,IL,02,,28B47634-26E4-4F77-9582-63ABD7AE8567,2022-06-17
0002000518,0001000300,BAXTER EAST SECTION,BR,RS,02,,9631E4BD-3A9F-4841-89B6-BF0B2F7BECB2,2023-05-10
0002000474,0001000258,THOMPSON LAKE FARM,US,IN,02,,856D2149-D4AD-4143-BEED-145CCFFBC5E1,2023-11-10
0002000111,0001000061,WINTERS HOME HOMESTEAD,CA,MB,02,,9F9BEF2D-16D1-4C08-9F9A-0D0BE5F6D737,2011-02-04
0002000320,0001000170,THOMPSON LOWER RANCH,US,IN,02,,FB787721-D211-44E4-8BA4-B091E03AE530,2014-09-24
0002000368,0001000196,ALBRECHT OLD PLACE,US,WI,02,,E7D9E0B5-C631-409F-B326-F415F41E23A3,2013-11-17
0002000084,0001000047,QUANDT CREEK GROUND,CA,ON,02,,27C2B613-20BB-44DF-852C-10BB22D1A599,2023-05-06
0002000441,0001000236,EASTMAN OLD PLACE,US,WI,02,,35C622DE-EDF1-44BB-BD66-D60097CF5C90,2010-07-15
0002000308,0001000163,LINDQVIST VALLEY PLACE,CA,AB,02,,6310D84B-DD4C-4104-9993-EB1EE6D638F7,2014-09-11
0002000590,0001000361,REYES UPPER SECTION,CA,AB,01,,6A9A527C-6A54-404E-B6C3-75E9EF5F4175,2023-05-19
0002000570,0001000341,ZIEGLER HOME SECTION,US,OH,02,,60777BA3-0D85-4615-BDB0-9D6FA54E149B,2012-10-21
0002000173,0001000092,OBERLIN LAKE QUARTER,US,ND,02,,DB0C1BEB-F5BD-4592-A33C-BCA27F0E4476,2022-11-02
0002000126,0001000068,YODER NEW FARM,CA,ON,02,,DBD4CAA0-4473-48CD-8B89-3604C2001717,2012-07-07
0002000403,0001000216,MCALLISTER RIDGE QUARTER,US,MN,02,,0884B9C4-C62A-4B31-A7D6-E80AF5C0BAF3,2022-01-11
0002000652,0001000423,MCALLISTER RIVER PLACE,US,IA,02,,A11F1D03-3F46-4FB0-BD83-2E84C90D60EA,2013-11-04
0002000317,0001000168,DRUMMOND NEW RANCH,US,MN,02,,5464B22E-E9F3-458C-ADEF-FC8AC081EBB0,2020-09-04
0002000350,0001000187,HARTLEY RIDGE GROUND,CA,SK,02,,626A2A11-5ECE-432B-933B-075DEF5E290D,2014-11-04
0002000478,0001000262,DRUMMOND HILLTOP QUARTER,US,NE,02,,A38DB6EA-026D-42C0-9C44-8F241C83A51E,2010-01-28
0002000022,0001000014,DELACROIX EAST HOMESTEAD,CA,ON,02,,49D4AFC2-B322-47D0-BB9B-F7C82E5BF032,2021-01-24
0002000283,0001000151,BERGSTROM VALLEY QUARTER,US,IA,02,,22B8C5F4-89B1-43C2-902B-01D8C1E67F7E,2022-06-27
0002000135,0001000073,MERRIWEATHER SOUTH GROUND,US,IA,02,,E70D485A-CAA0-48D0-ADCF-86DEBC522384,2011-01-26
0002000030,0001000018,HARTLEY NORTH GROUND,CA,AB,02,,85E82E2A-A20C-430E-A63E-41D9A39CDCFE,2010-01-26
0002000597,0001000368,STEINER NORTH PLACE,CA,SK,01,,E3089769-B6E3-4829-B349-E651B6F779B3,2015-01-16
0002000226,0001000121,DELACROIX HOME FARM,US,IL,02,,9CD21963-018B-45DE-99B6-26F5B68432BA,2012-07-17
0002000159,0001000085,KOWALSKI PRAIRIE SECTION,US,IL,02,,8F550AC9-D2B9-4A6C-AC90-C7C2EFCC41B2,2024-08-28
0002000500,0001000284,YANCEY LOWER PLACE,US,MN,02,,5A787807-183F-4E35-8252-21C8BFC6D31C,2023-09-08
0002000031,0001000018,HARTLEY RIVER RANCH,CA,AB,02,,40019D9D-597B-4FFE-BE54-400E2398970E,2015-10-18
0002000600,0001000371,WHITAKER HOME QUARTER,US,SD,02,,DCF07466-5BCD-4C32-852C-F129A2BE3309,2023-07-17
0002000513,0001000296,KERRIGAN PRAIRIE FARM,BR,PR,02,,52AD67A3-12F4-4C6A-ADB6-6BB1AC4B74C1,2010-08-14
0002000398,0001000213,HARTLEY PRAIRIE PLACE,US,SD,02,,C36537AA-97A1-416F-A7DE-F468FD9C3260,2016-09-15
0002000217,0001000117,PRESCOTT VALLEY QUARTER,CA,ON,02,,637FE17A-7C90-4637-9E14-309A7F7DBA70,2010-08-14
0002000044,0001000027,DRUMMOND SOUTH SECTION,US,ND,02,,DB59C14F-1F27-44DB-92FB-986A63780604,2016-02-21
0002000509,0001000293,DIETRICH PRAIRIE GROUND,BR,PR,02,,7E0AFAD4-9A2D-4C9D-8949-C67FBAEB6B7F,2022-04-09
0002000467,0001000252,YODER CREEK RANCH,CA,ON,02,,4A09F51D-7062-4292-837B-7FCD6CE2B12A,2019-09-15
0002000121,0001000066,STEINER OLD GROUND,US,IA,02,,15FCC517-3BA5-4912-924F-852D6CC547C8,2024-10-08
0002000243,0001000130,PRESCOTT LOWER PLACE,US,SD,02,,F33F3A48-7850-4717-BF45-F7422B20576F,2024-08-06
0002000288,0001000153,NOVAK SOUTH HOMESTEAD,CA,AB,02,,E796EB5F-D916-47E5-B241-66C467263E08,2011-11-22
0002000187,0001000099,BAXTER EAST FARM,CA,AB,02,,9A39CEF3-71A3-4DFF-8B54-3ACB91270537,2012-06-29
0002000484,0001000268,MCALLISTER RIDGE FARM,US,NE,02,,1E2A30AC-FDCC-425E-82E4-3B417363C23D,2012-03-11
0002000061,0001000035,CASTELLANO CREEK GROUND,US,NE,02,,6AF30908-9B19-47B9-9891-4EFD0EA79D69,2009-03-31
0002000401,0001000215,FALKNER HILLTOP GROUND,US,SD,02,,292DE841-F605-453A-B22F-0C20195BA5D9,2024-08-02
0002000379,0001000201,CASTELLANO HILLTOP SECTION,CA,MB,02,,DFE4FC34-B589-4431-BA89-5448E58BB141,2023-07-19
0002000465,0001000251,BERGSTROM PRAIRIE SECTION,US,NE,02,,682570AF-4A2F-4C73-8CB6-F87914AAEEA4,2024-02-22
0002000047,0001000028,DELACROIX RIVER PLACE,US,WI,02,,55E27A18-4D27-4B5B-80F2-E2ECA08B088F,2014-07-24
0002000343,0001000183,DELACROIX HOME FARM,US,ND,02,,DB0883E4-BCCF-4295-AE5F-0FF4C38EF958,2024-01-17
0002000086,0001000048,RASMUSSEN LAKE FARM,CA,AB,02,,5DAA45C6-2472-47A7-AA98-D9984052B8B9,2014-03-13
0002000593,0001000364,VANDERMEER LAKE GROUND,US,KS,01,,B6AF4491-764D-462A-AE35-C87612A88DFE,2018-04-17
0002000189,0001000099,BAXTER VALLEY QUARTER,CA,AB,02,,0DAB1BFA-3B3E-4246-95F2-4323A93BEF8D,2020-02-29
0002000581,0001000352,TOLLEFSON WEST GROUND,US,IA,03,,4E17D1A7-14E2-4D7B-81A5-8E94DB2CC18A,2023-08-18
0002000400,0001000214,ALBRECHT NORTH SECTION,US,WI,02,,414B7D45-92DE-454B-AF6F-64B80A7421E7,2021-06-16
0002000231,0001000125,CASTELLANO NEW SECTION,US,IL,02,,27C8CD1D-F893-4CCB-B66A-0D780E459A9A,2016-07-19
0002000503,0001000287,PRESCOTT SOUTH RANCH,US,OH,02,,3B04B3CB-4528-4D4B-AC6F-548D45C00FA6,2018-02-16
0002000051,0001000031,REYES RIDGE RANCH,CA,SK,02,,0E5BCFE2-3D14-4754-902A-C7F9D176D439,2019-01-25
0002000280,0001000148,FALKNER NEW RANCH,CA,MB,02,,6159BB64-7441-4C9B-A145-DE70778AA5F9,2017-11-16
0002000504,0001000288,ZIEGLER OLD SECTION,CA,MB,02,,94323150-34B2-4448-99DF-0A9A9DDDE6BF,2019-04-09
0002000166,0001000089,DUVAL NEW HOMESTEAD,CA,AB,02,,A96FC6F2-3156-4F25-8A53-610EAA86D614,2024-11-10
0002000056,0001000033,ASHWORTH LAKE RANCH,US,IN,02,,41B59379-F3F5-4C4D-B6D5-BEB2CC7144CB,2013-04-28
0002000032,0001000019,WINTERS WEST GROUND,US,IA,02,,FE5FDB77-D12F-4AE1-B9A7-CDBFFF28A360,2016-05-06
0002000134,0001000073,MERRIWEATHER EAST QUARTER,US,IA,02,,E01B33CF-2A67-4C65-8903-4DB55028BC09,2014-07-05
0002000357,0001000190,DIETRICH NORTH QUARTER,US,IA,02,,F036C744-2EEF-4BDC-B400-46090088E1A1,2009-09-29
0002000009,0001000006,HUMMEL HILLTOP QUARTER,CA,MB,02,,BF1135A2-B555-4699-B11D-556BC62B9B86,2012-11-11
0002000314,0001000167,MARSH LAKE RANCH,CA,SK,02,,1066664F-1FA9-403F-8075-EC4AE88C04F4,2014-10-21
0002000336,0001000180,KOWALSKI OLD SECTION,US,IA,02,,C522DBF2-D11A-4266-B482-618BB4F26B92,2018-11-04
0002000013,0001000009,MCALLISTER LAKE SECTION,US,KS,02,,7DD5EBE3-B4FB-42BF-BD1A-B4F75A77DEC2,2016-06-23
0002000265,0001000141,FALKNER HOME FARM,CA,MB,02,,D7DF2530-7E37-4517-900C-029FBC415E78,2019-05-07
0002000100,0001000055,DIETRICH OLD FARM,US,OH,02,,4F664D63-9587-401F-B36F-9F1C8A1F2666,2016-08-05
0002000479,0001000263,YODER RIDGE PLACE,US,IL,02,,2CF98095-F78E-44ED-B496-8B5E873A4B12,2009-06-03
0002000016,0001000010,IVERSON OLD RANCH,US,NE,02,,40E89240-0DAD-4EA7-9E2B-4B2A8A494360,2015-01-11
0002000203,0001000107,CALLAHAN RIVER RANCH,CA,AB,02,,C86A72D9-AA56-41B9-8B0E-15994D98F10E,2013-07-14
0002000339,0001000181,VANDERMEER NORTH GROUND,US,WI,02,,13BCA46E-D0F4-4367-8FC0-6C325E331E1B,2011-12-29
0002000136,0001000074,MERRIWEATHER PRAIRIE RANCH,CA,AB,02,,0D158D5E-8C1D-43B8-B4F6-38B8473598AE,2023-10-13
0002000342,0001000182,ALBRECHT HILLTOP FARM,US,MN,02,,DD7A0AF1-1B06-4D0E-9749-3C12E5F25972,2013-07-18
0002000505,0001000289,ZIEGLER WEST PLACE,CA,MB,02,,FC6C30B4-809A-4F18-BE94-78C595895695,2019-05-31
0002000455,0001000245,CRENSHAW OLD RANCH,US,IN,02,,B42CEAAF-5440-4310-93D5-B8B22D0ED1DB,2014-04-26
0002000150,0001000081,MERRIWEATHER VALLEY SECTION,US,IL,02,,3A87C288-21CE-489F-BDC5-042A05F43913,2009-05-17
0002000645,0001000416,FERREIRA VALLEY QUARTER,US,MN,02,,6FB0C28F-ADDF-4642-ABEA-0990C983FBB3,2013-11-20
0002000298,0001000157,STEINER CREEK QUARTER,CA,AB,02,,AA9AAF5A-1DF4-48F4-935C-3FD4A4604978,2020-11-21
0002000457,0001000246,MCALLISTER RIDGE HOMESTEAD,CA,SK,02,,647D2745-31CB-42BB-9039-84751326846F,2009-06-10
0002000628,0001000399,HUMMEL UPPER HOMESTEAD,US,IL,03,,CAD15D1D-783C-4BF7-8FA6-6446D7872F27,2023-06-10
0002000383,0001000203,PEMBERTON EAST SECTION,US,NE,02,,AF5A657E-EC90-4914-89FD-2711D39DB4E5,2014-06-05
0002000432,0001000232,ALBRECHT UPPER FARM,US,IL,02,,8689EB1D-9212-4FC3-93FC-C565A8CB22E7,2019-06-05
0002000385,0001000204,GIRARD OLD PLACE,US,IL,02,,89A12BA3-B655-40BD-B63B-1EC9DFC09584,2018-11-21
0002000261,0001000139,HOLLOWAY LAKE SECTION,CA,AB,02,,C8B1A6EE-1268-4644-AB8E-886CCF5D4C26,2010-09-11
0002000158,0001000085,KOWALSKI UPPER HOMESTEAD,US,IL,02,,CC5DEC7C-F030-45DB-A61F-C357B466B2FD,2010-09-23
0002000290,0001000154,NOVAK OLD HOMESTEAD,CA,SK,02,,2981638B-9A8D-47F9-9AAD-7F2832DEF8D1,2020-07-12
0002000561,0001000332,OBERLIN NEW PLACE,US,MO,02,,E9BA11C3-AD4C-4FF5-988C-08C0E9715F62,2023-06-10
0002000340,0001000182,ALBRECHT NEW SECTION,US,MN,02,,4903F1CD-4C1D-4DFC-B8A4-88AADF5D5FC2,2016-08-13
0002000019,0001000012,YANCEY PRAIRIE FARM,US,WI,02,,3759DF0D-0D43-4C1B-858E-94AE7F462EE3,2014-07-21
0002000464,0001000250,LOCKHART LOWER SECTION,US,IN,02,,C43E09DB-D334-4120-AFD8-069E1B04C1F7,2016-02-12
0002000371,0001000198,HARTLEY LOWER PLACE,CA,MB,02,,F61B8977-6930-40AB-89AD-4BE8C289CEE9,2019-05-01
0002000054,0001000032,WINTERS VALLEY HOMESTEAD,US,MO,02,,DDB692ED-65C3-47CC-B247-20BFB4F81B30,2010-06-30
0002000565,0001000336,IVANOV RIVER FARM,US,NE,02,,9910A7E1-DBA6-4514-AF92-DD45F263D1B2,2017-01-25
0002000508,0001000292,BAXTER CREEK FARM,BR,MT,02,,E97FEC33-9793-49B2-B7CC-FA0FDBE6B845,2012-04-18
0002000052,0001000031,REYES VALLEY HOMESTEAD,CA,SK,02,,FB3919C5-C3E2-4DC4-92B0-7C41EE356ACA,2015-03-25
0002000224,0001000121,DELACROIX PRAIRIE FARM,US,IL,02,,E295BBDF-7437-463C-A06F-272C01750591,2018-07-01
0002000074,0001000042,CASTELLANO PRAIRIE PLACE,US,ND,02,,BF966503-F61F-4853-A8B6-50328DA637E0,2015-07-10
0002000097,0001000053,TOLLEFSON PRAIRIE FARM,US,WI,02,,5BFB7790-6A14-42C3-9622-CF82298EC21D,2012-02-27
0002000461,0001000249,IVERSON VALLEY FARM,US,SD,02,,A7259D57-2C6A-4E77-8ADC-9310CC45B388,2015-06-17
0002000596,0001000367,FALKNER WEST PLACE,US,IL,01,,48238498-8AE5-4CA0-AB98-DCD950C81329,2009-01-09
